make,model,year,mileage_km,condition,transmission,fuel_type,price_rm
Honda,Freed,2011,192877,Poor,Automatic,Petrol,10603
Honda,City,2025,8044,Like New,CVT,Petrol,76744
Honda,Accord,2022,56139,Excellent,Automatic,Petrol,93199
Honda,HR-V,2016,122466,Good,CVT,Petrol,56664
Honda,Accord,2021,70117,Good,CVT,Petrol,31529
Honda,Accord,2024,5385,Like New,CVT,Petrol,160667
Honda,HR-V,2025,2000,New,CVT,Petrol,64221
Honda,BR-V,2014,157943,Fair,CVT,Petrol,24394
Honda,Civic,2010,201811,Good,Manual,Petrol,48866
Honda,Accord,2024,24475,New,CVT,Petrol,103273
Honda,Civic,2017,103969,Poor,CVT,Petrol,39214
Honda,Accord,2012,203232,Fair,Automatic,Petrol,26714
Honda,CR-V,2022,32373,Excellent,Manual,Petrol,148772
Honda,Jazz,2012,192804,Fair,Automatic,Petrol,17704
Honda,City,2015,134285,Fair,CVT,Petrol,25952
Honda,City,2023,37340,Good,Automatic,Hybrid,40658
Honda,Jazz,2010,225734,Poor,Manual,Petrol,9540
Honda,Civic,2022,44815,Excellent,CVT,Petrol,80543
Honda,BR-V,2023,52426,Like New,Automatic,Petrol,59127
Honda,Freed,2021,53341,Good,CVT,Petrol,32612
Honda,Jazz,2023,15728,Like New,CVT,Petrol,38629
Honda,BR-V,2011,194929,Fair,Automatic,Petrol,21099
Honda,Freed,2011,196823,Fair,Manual,Petrol,11902
Honda,CR-V,2021,70934,Good,Automatic,Hybrid,84412
Honda,Freed,2017,115993,Fair,Automatic,Petrol,22889
Honda,Civic,2019,78496,Good,Automatic,Petrol,78975
Honda,CR-V,2016,111816,Good,Manual,Petrol,68108
Honda,HR-V,2017,104738,Good,CVT,Petrol,59079
Honda,HR-V,2018,108328,Fair,Automatic,Petrol,51758
Honda,Civic,2020,72097,Good,CVT,Petrol,85806
Honda,Jazz,2011,181404,Good,Manual,Petrol,17130
Honda,HR-V,2016,129718,Good,Automatic,Petrol,62032
Honda,Jazz,2023,20910,Excellent,CVT,Petrol,25215
Honda,HR-V,2019,69624,Good,CVT,Petrol,85776
Honda,CR-V,2012,183956,Poor,Automatic,Petrol,31609
Honda,City,2017,115645,Fair,Automatic,Petrol,33052
Honda,BR-V,2014,191795,Poor,Automatic,Petrol,10781
Honda,Accord,2022,48704,Good,CVT,Petrol,52372
Honda,CR-V,2023,25180,Excellent,CVT,Petrol,80449
Honda,City,2011,198843,Good,Manual,Petrol,14324
Honda,Civic,2019,59059,Good,Automatic,Petrol,58935
Honda,Freed,2018,89779,Fair,CVT,Petrol,14542
Honda,City,2023,41707,Excellent,Automatic,Petrol,27525
Honda,Jazz,2020,78827,Excellent,Automatic,Petrol,28460
Honda,BR-V,2014,172184,Fair,Automatic,Petrol,17122
Honda,HR-V,2014,170159,Fair,CVT,Petrol,42905
Honda,Jazz,2015,119573,Fair,Automatic,Petrol,17114
Honda,HR-V,2025,2000,New,Automatic,Petrol,115367
Honda,Civic,2017,102890,Poor,CVT,Petrol,44611
Honda,BR-V,2025,2000,Excellent,CVT,Petrol,40458
Honda,BR-V,2023,27710,Good,Automatic,Petrol,33602
Honda,Civic,2015,133445,Good,Automatic,Petrol,43471
Honda,Accord,2012,187510,Fair,Manual,Petrol,44475
Honda,Civic,2020,97943,Good,CVT,Petrol,101916
Honda,HR-V,2011,185470,Good,Manual,Petrol,44357
Honda,BR-V,2025,20028,New,CVT,Petrol,33944
Honda,CR-V,2018,92405,Good,Automatic,Petrol,101059
Honda,BR-V,2019,98123,Fair,CVT,Petrol,16377
Honda,CR-V,2020,71552,Good,Automatic,Petrol,114194
Honda,City,2015,151437,Good,Manual,Petrol,36830
Honda,Accord,2018,76917,Poor,CVT,Petrol,20224
Honda,Jazz,2018,108296,Good,Automatic,Petrol,31184
Honda,BR-V,2014,147138,Good,CVT,Petrol,16428
Honda,CR-V,2025,3695,Like New,Automatic,Petrol,80583
Honda,Freed,2025,26968,Like New,Automatic,Petrol,25494
Honda,Freed,2012,194927,Poor,Manual,Petrol,11140
Honda,HR-V,2024,6451,Good,CVT,Hybrid,87388
Honda,BR-V,2020,70789,Excellent,CVT,Petrol,49071
Honda,Civic,2012,197443,Good,Manual,Petrol,53873
Honda,Accord,2013,184339,Poor,Automatic,Petrol,30135
Honda,Accord,2020,69603,Fair,Automatic,Petrol,76793
Honda,City,2019,92889,Excellent,Automatic,Petrol,35784
Honda,Accord,2015,138692,Good,Automatic,Petrol,37051
Honda,CR-V,2019,79312,Good,Automatic,Petrol,124504
Honda,HR-V,2018,108695,Fair,Automatic,Petrol,62031
Honda,City,2019,81047,Good,CVT,Petrol,55306
Honda,BR-V,2017,98044,Good,CVT,Petrol,26166
Honda,HR-V,2025,2000,Like New,CVT,Petrol,119073
Honda,City,2021,56719,Excellent,CVT,Petrol,68603
Honda,Freed,2016,122347,Fair,Automatic,Petrol,13036
Honda,Civic,2015,166277,Good,Automatic,Petrol,54000
Honda,HR-V,2017,110892,Fair,CVT,Petrol,36939
Honda,Accord,2012,178926,Good,Automatic,Petrol,39022
Honda,BR-V,2019,101331,Fair,Automatic,Petrol,22895
Honda,BR-V,2014,144430,Poor,CVT,Petrol,13817
Honda,Accord,2012,171333,Fair,Manual,Petrol,34793
Honda,Freed,2025,4292,New,CVT,Petrol,24467
Honda,City,2023,44759,Good,CVT,Petrol,31817
Honda,City,2018,104163,Good,Automatic,Petrol,24419
Honda,BR-V,2016,130090,Good,Automatic,Petrol,31704
Honda,BR-V,2022,44998,Good,CVT,Petrol,24924
Honda,BR-V,2013,172466,Fair,Automatic,Petrol,15673
Honda,Civic,2017,131704,Good,Automatic,Petrol,61294
Honda,City,2023,43713,Fair,Automatic,Petrol,29496
Honda,Freed,2020,73822,Excellent,Automatic,Petrol,24595
Honda,Freed,2022,35610,Excellent,CVT,Petrol,27147
Honda,Jazz,2024,2000,New,Automatic,Petrol,38650
Honda,CR-V,2023,24825,Good,CVT,Petrol,148925
Honda,BR-V,2022,32991,Like New,CVT,Petrol,54680
Honda,Freed,2011,212851,Fair,Automatic,Petrol,12506
Honda,HR-V,2019,89892,Good,CVT,Petrol,92617
Honda,HR-V,2016,108519,Good,Manual,Petrol,63692
Honda,City,2024,26719,New,CVT,Petrol,81882
Honda,Accord,2023,29055,Excellent,Automatic,Petrol,84489
Honda,Civic,2013,160685,Good,Manual,Petrol,68023
Honda,HR-V,2025,13162,Like New,Automatic,Petrol,105903
Honda,Jazz,2023,19519,Fair,Automatic,Petrol,46386
Honda,City,2014,168228,Fair,Manual,Petrol,15320
Honda,Jazz,2025,2000,New,CVT,Petrol,57520
Honda,Jazz,2017,117600,Excellent,Automatic,Petrol,30382
Honda,HR-V,2022,65860,Excellent,Automatic,Petrol,113092
Honda,Accord,2025,6861,Excellent,CVT,Petrol,71800
Honda,CR-V,2018,109684,Fair,Automatic,Petrol,98080
Honda,Freed,2017,107158,Poor,Automatic,Petrol,13401
Honda,HR-V,2024,2584,New,Automatic,Petrol,93163
Honda,City,2022,44307,Excellent,Automatic,Hybrid,33514
Honda,CR-V,2017,122343,Fair,CVT,Petrol,60568
Honda,HR-V,2013,161849,Poor,CVT,Petrol,35589
Honda,City,2021,50625,Like New,CVT,Petrol,38170
Honda,BR-V,2022,33519,Like New,Automatic,Petrol,47096
Honda,Freed,2013,164513,Good,Manual,Petrol,13134
Honda,CR-V,2025,3212,New,CVT,Hybrid,220000
Honda,CR-V,2020,72219,Excellent,CVT,Petrol,98156
Honda,City,2018,88178,Good,Automatic,Petrol,57066
Honda,City,2023,12422,Good,Automatic,Petrol,68996
Honda,BR-V,2016,118388,Fair,Manual,Petrol,17813
Honda,City,2015,138246,Good,Automatic,Petrol,43746
Honda,HR-V,2016,117755,Good,Automatic,Petrol,51812
Honda,CR-V,2015,128588,Excellent,Automatic,Petrol,71540
Honda,City,2011,194063,Fair,Manual,Petrol,15620
Honda,Freed,2011,210909,Good,Automatic,Petrol,18808
Honda,Freed,2010,212400,Fair,Automatic,Petrol,10089
Honda,Jazz,2010,205642,Good,CVT,Petrol,12531
Honda,Jazz,2017,106599,Fair,Manual,Petrol,30304
Honda,HR-V,2024,29964,New,CVT,Petrol,139680
Honda,CR-V,2022,28583,Excellent,CVT,Petrol,129868
Honda,Freed,2021,76307,Excellent,CVT,Petrol,22201
Honda,Freed,2014,166061,Fair,CVT,Petrol,13917
Honda,BR-V,2013,164479,Fair,Automatic,Petrol,16820
Honda,BR-V,2016,135350,Good,CVT,Petrol,26737
Honda,Accord,2014,154168,Fair,Automatic,Petrol,33974
Honda,City,2016,132549,Fair,Manual,Petrol,19593
Honda,BR-V,2019,86046,Fair,Automatic,Petrol,28028
Honda,HR-V,2019,82942,Good,CVT,Petrol,54559
Honda,BR-V,2014,150595,Fair,CVT,Petrol,24599
Honda,Jazz,2015,148226,Poor,Automatic,Petrol,8802
Honda,Jazz,2021,68820,Fair,Manual,Petrol,39304
Honda,Accord,2019,90865,Good,Automatic,Petrol,42219
Honda,Civic,2023,15152,Excellent,Automatic,Petrol,93354
Honda,Civic,2013,135637,Poor,Automatic,Petrol,34740
Honda,BR-V,2023,28547,Good,CVT,Petrol,30690
Honda,HR-V,2012,185166,Fair,Automatic,Petrol,38670
Honda,Jazz,2016,128218,Excellent,Automatic,Petrol,42981
Honda,CR-V,2017,108725,Good,Automatic,Petrol,86696
Honda,City,2013,160047,Fair,Automatic,Petrol,23156
Honda,Civic,2020,74899,Good,CVT,Petrol,48734
Honda,Jazz,2021,58157,Like New,Automatic,Petrol,38759
Honda,BR-V,2025,2000,Excellent,Automatic,Petrol,32755
Honda,Jazz,2010,198572,Poor,Manual,Petrol,13047
Honda,BR-V,2025,2950,New,CVT,Petrol,35395
Honda,Jazz,2013,170144,Good,Automatic,Petrol,22786
Honda,HR-V,2016,126336,Good,Automatic,Petrol,77500
Honda,Civic,2021,67591,Good,Automatic,Petrol,66341
Honda,CR-V,2021,53939,Good,CVT,Petrol,160773
Honda,Freed,2019,72111,Good,Automatic,Petrol,33316
Honda,Accord,2024,20585,New,CVT,Hybrid,143254
Honda,BR-V,2015,133226,Fair,CVT,Petrol,16606
Honda,CR-V,2012,171076,Good,Automatic,Petrol,56807
Honda,Civic,2024,2000,New,Automatic,Petrol,108888
Honda,Freed,2015,145139,Good,CVT,Petrol,21981
Honda,CR-V,2019,91088,Excellent,CVT,Petrol,114536
Honda,Jazz,2025,14518,New,Automatic,Petrol,44483
Honda,Freed,2021,57598,Good,CVT,Petrol,33033
Honda,Freed,2017,104620,Fair,Automatic,Petrol,17408
Honda,City,2024,30932,Like New,CVT,Petrol,61603
Honda,Accord,2024,31237,Like New,Automatic,Petrol,91020
Honda,HR-V,2015,153912,Good,Manual,Petrol,59675
Honda,Accord,2023,44887,Excellent,Automatic,Petrol,45691
Honda,HR-V,2020,60989,Fair,Automatic,Petrol,42581
Honda,BR-V,2022,41001,Good,Automatic,Petrol,46359
Honda,Accord,2017,112628,Fair,CVT,Petrol,56643
Honda,HR-V,2016,135773,Good,Automatic,Petrol,49531
Honda,Freed,2022,33588,Fair,Automatic,Petrol,22245
Honda,CR-V,2023,36353,Good,CVT,Petrol,152507
Honda,HR-V,2024,12486,Like New,Automatic,Petrol,121322
Honda,Jazz,2023,29915,Good,CVT,Petrol,34707
Honda,Freed,2022,49497,Fair,Automatic,Petrol,15817
Honda,BR-V,2016,134424,Fair,Automatic,Petrol,15814
Honda,CR-V,2017,122746,Fair,Automatic,Petrol,41008
Honda,CR-V,2018,106215,Fair,CVT,Petrol,49735
Honda,Jazz,2022,41998,Good,CVT,Petrol,20142
Honda,City,2010,200581,Poor,Automatic,Petrol,11512
Honda,Accord,2025,4471,New,CVT,Petrol,85045
Honda,Civic,2021,49593,Excellent,CVT,Petrol,89072
Honda,Civic,2013,144060,Fair,Automatic,Petrol,32421
Honda,City,2022,43345,Excellent,Automatic,Hybrid,38952
Honda,CR-V,2025,5591,Like New,CVT,Hybrid,199413
Honda,HR-V,2013,173201,Fair,Manual,Petrol,39979
Honda,Jazz,2024,6329,New,Automatic,Petrol,48081
Honda,BR-V,2022,36499,Fair,CVT,Petrol,22793
Honda,Freed,2024,13545,New,CVT,Petrol,29414
Honda,Jazz,2023,20807,Good,CVT,Petrol,36669
Honda,Civic,2021,53331,Fair,Automatic,Petrol,58909
Honda,Jazz,2024,24241,New,CVT,Petrol,32276
Honda,City,2023,16573,Fair,CVT,Petrol,36430
Honda,Civic,2016,126606,Fair,Manual,Petrol,63320
Honda,Accord,2018,97540,Fair,CVT,Petrol,46277
Honda,Accord,2025,2000,Like New,CVT,Petrol,131480
Honda,CR-V,2016,118837,Fair,Manual,Petrol,81703
Honda,Civic,2021,63042,Like New,CVT,Petrol,82540
Honda,Freed,2023,33022,Like New,Automatic,Petrol,41263
Honda,Civic,2017,125852,Poor,CVT,Petrol,42886
Honda,City,2016,117184,Fair,Automatic,Petrol,27702
Honda,Civic,2020,58801,Fair,CVT,Petrol,54480
Honda,Jazz,2014,144624,Fair,CVT,Petrol,22492
Honda,Freed,2016,135380,Good,CVT,Petrol,25507
Honda,CR-V,2012,176522,Fair,CVT,Petrol,56299
Honda,City,2012,174014,Poor,CVT,Petrol,11270
Honda,City,2011,182953,Fair,Manual,Petrol,22725
Honda,CR-V,2022,35355,Good,CVT,Petrol,113491
Honda,HR-V,2023,28691,Like New,CVT,Petrol,101778
Honda,Civic,2018,98921,Good,CVT,Petrol,65851
Honda,Jazz,2021,51494,Excellent,CVT,Petrol,48815
Honda,CR-V,2023,22281,Excellent,Automatic,Petrol,122570
Honda,Freed,2011,198085,Good,Manual,Petrol,17503
Honda,Freed,2020,72288,Excellent,CVT,Petrol,37405
Honda,City,2021,69408,Excellent,Automatic,Petrol,31926
Honda,Civic,2013,201405,Good,Manual,Petrol,35332
Honda,BR-V,2023,9721,Fair,Automatic,Petrol,22799
Honda,City,2015,151848,Fair,Manual,Petrol,16882
Honda,Freed,2016,142267,Good,CVT,Petrol,19609
Honda,Civic,2017,120965,Good,CVT,Petrol,61651
Honda,BR-V,2012,170248,Fair,Manual,Petrol,18283
Honda,Accord,2025,15968,New,CVT,Petrol,165785
Honda,Freed,2020,88767,Good,Automatic,Petrol,29240
Honda,City,2025,27696,New,CVT,Hybrid,64807
Honda,CR-V,2024,31860,New,CVT,Petrol,197604
Honda,HR-V,2020,64562,Excellent,CVT,Petrol,55209
Honda,Accord,2020,59619,Excellent,Automatic,Petrol,52288
Honda,Jazz,2025,9032,New,CVT,Petrol,34893
Honda,Jazz,2021,45028,Good,CVT,Petrol,39461
Honda,BR-V,2013,158661,Fair,Manual,Petrol,18155
Honda,Jazz,2022,52382,Good,CVT,Petrol,18725
Honda,HR-V,2018,80335,Good,CVT,Petrol,56559
Honda,Accord,2016,101390,Good,Automatic,Petrol,80563
Honda,Civic,2022,44602,Excellent,CVT,Petrol,89977
Honda,HR-V,2024,30718,New,CVT,Hybrid,98228
Honda,Freed,2014,163728,Fair,CVT,Petrol,12533
Honda,HR-V,2015,154081,Fair,Automatic,Petrol,43400
Honda,Accord,2024,39052,Excellent,Automatic,Petrol,81225
Honda,CR-V,2011,210495,Fair,Automatic,Petrol,54875
Honda,City,2018,96015,Good,Automatic,Petrol,51786
Honda,CR-V,2019,76608,Good,Automatic,Petrol,70242
Honda,City,2021,72840,Excellent,Automatic,Petrol,59432
Honda,Accord,2025,2000,New,Automatic,Petrol,151385
Honda,CR-V,2016,126450,Good,Automatic,Petrol,102015
Honda,Jazz,2010,189225,Poor,Automatic,Petrol,9072
Honda,Jazz,2017,102751,Good,Automatic,Petrol,30781
Honda,Freed,2016,140685,Good,CVT,Petrol,15018
Honda,Accord,2024,31358,New,Automatic,Petrol,90515
Honda,Civic,2020,82318,Excellent,Automatic,Hybrid,104245
Honda,Freed,2025,2000,New,Automatic,Petrol,33995
Honda,Civic,2024,28512,Like New,CVT,Petrol,82896
Honda,BR-V,2024,21244,New,Automatic,Petrol,45552
Honda,CR-V,2019,84088,Good,Automatic,Petrol,117158
Honda,BR-V,2016,157031,Fair,CVT,Petrol,21820
Honda,City,2021,25636,Fair,CVT,Petrol,38752
Honda,Civic,2022,48028,Good,CVT,Petrol,66594
Honda,Civic,2014,157318,Fair,CVT,Petrol,37232
Honda,CR-V,2025,6286,Like New,CVT,Petrol,150031
Honda,Accord,2019,90690,Good,CVT,Petrol,85766
Honda,Freed,2014,157840,Fair,CVT,Petrol,12134
Honda,City,2025,9411,New,CVT,Petrol,64931
Honda,BR-V,2025,8081,New,Manual,Petrol,45954
Honda,Freed,2025,18946,New,Automatic,Petrol,30791
Honda,Freed,2014,147410,Fair,Automatic,Petrol,19881
Honda,Jazz,2018,106147,Good,Manual,Petrol,31112
Honda,City,2018,84601,Excellent,Automatic,Petrol,62725
Honda,Accord,2025,2000,Like New,CVT,Petrol,135573
Honda,Civic,2020,71502,Fair,CVT,Petrol,79450
Honda,Freed,2017,129208,Good,CVT,Petrol,16774
Honda,Accord,2022,42412,Good,CVT,Petrol,57296
Honda,Jazz,2013,159267,Good,Automatic,Petrol,24011
Honda,Accord,2022,43389,Excellent,Automatic,Hybrid,80890
Honda,Accord,2023,29214,Good,Automatic,Petrol,32969
Honda,Civic,2016,140459,Fair,CVT,Petrol,57200
Honda,City,2023,50479,Good,Automatic,Petrol,50046
Honda,BR-V,2020,82436,Excellent,Automatic,Petrol,24590
Honda,Civic,2017,115545,Good,CVT,Petrol,79807
Honda,Civic,2020,77007,Good,CVT,Petrol,97163
Honda,Accord,2013,164677,Fair,Manual,Petrol,38831
Honda,BR-V,2018,110187,Poor,Automatic,Petrol,18227
Honda,Accord,2012,180416,Fair,Automatic,Petrol,28370
Honda,BR-V,2024,10536,Good,Manual,Petrol,44807
Honda,Jazz,2025,2000,Excellent,Automatic,Petrol,51139
Honda,City,2022,52663,Excellent,CVT,Hybrid,63062
Honda,Civic,2010,200738,Good,Manual,Petrol,41706
Honda,BR-V,2016,100477,Fair,Automatic,Petrol,27327
Honda,Freed,2017,101701,Fair,CVT,Petrol,17463
Honda,City,2025,5084,Excellent,CVT,Petrol,68425
Honda,Jazz,2021,37579,Excellent,CVT,Petrol,25782
Honda,Civic,2018,81576,Fair,CVT,Petrol,55886
Honda,Freed,2019,78153,Good,Automatic,Petrol,25341
Honda,Accord,2021,68876,Good,Automatic,Petrol,61013
Honda,HR-V,2022,23118,Excellent,CVT,Petrol,60948
Honda,Freed,2014,159994,Poor,CVT,Petrol,10305
Honda,CR-V,2023,34868,Excellent,Automatic,Petrol,174422
Honda,Accord,2020,69869,Excellent,Automatic,Petrol,98607
Honda,HR-V,2023,32711,Good,Automatic,Petrol,92211
Honda,Civic,2015,153903,Fair,CVT,Petrol,51547
Honda,CR-V,2017,135896,Good,CVT,Petrol,91031
Honda,BR-V,2020,57188,Good,CVT,Petrol,26953
Honda,CR-V,2018,118177,Excellent,Automatic,Petrol,119977
Honda,HR-V,2014,149833,Good,CVT,Petrol,60098
Honda,CR-V,2014,168879,Fair,CVT,Petrol,54786
Honda,Jazz,2024,2000,Like New,CVT,Petrol,44497
Honda,BR-V,2014,151161,Good,CVT,Petrol,16623
Honda,BR-V,2017,119762,Good,Automatic,Petrol,33119
Honda,Freed,2017,105181,Good,Automatic,Petrol,18233
Honda,BR-V,2018,98819,Good,Automatic,Petrol,32664
Honda,Civic,2019,96576,Good,Automatic,Petrol,50673
Honda,BR-V,2020,75054,Excellent,CVT,Petrol,41755
Honda,Civic,2025,2000,New,CVT,Hybrid,126562
Honda,City,2018,112248,Fair,CVT,Petrol,20699
Honda,HR-V,2014,144829,Poor,Automatic,Petrol,26721
Honda,Jazz,2023,33105,Excellent,Automatic,Petrol,36590
Honda,Freed,2024,10463,Excellent,Manual,Petrol,39994
Honda,Jazz,2024,18140,Excellent,Automatic,Petrol,42586
Honda,BR-V,2018,102538,Good,Automatic,Petrol,22120
Honda,HR-V,2024,4810,Like New,Automatic,Petrol,70614
Honda,City,2012,202081,Fair,Manual,Petrol,12407
Honda,Jazz,2025,16136,Like New,CVT,Petrol,64200
Honda,BR-V,2020,69318,Excellent,Automatic,Petrol,43068
Honda,Jazz,2019,58990,Fair,Automatic,Petrol,15560
Honda,City,2013,168594,Fair,Manual,Petrol,14317
Honda,BR-V,2020,71103,Excellent,CVT,Petrol,24447
Honda,City,2023,26140,Fair,Automatic,Petrol,28781
Honda,Civic,2019,92378,Fair,CVT,Petrol,54525
Honda,CR-V,2015,145547,Excellent,Automatic,Petrol,97940
Honda,Freed,2010,225428,Good,CVT,Petrol,10674
Honda,Accord,2024,6192,Like New,CVT,Petrol,128790
Honda,City,2015,133441,Fair,CVT,Petrol,18232
Honda,Freed,2023,46495,Good,CVT,Petrol,30619
Honda,HR-V,2021,73425,Excellent,CVT,Petrol,58878
Honda,Jazz,2022,48521,Good,CVT,Petrol,52422
Honda,BR-V,2019,73597,Fair,CVT,Petrol,32765
Honda,City,2016,102248,Good,Manual,Petrol,33900
Honda,Freed,2025,15223,New,CVT,Petrol,50000
Honda,BR-V,2019,86904,Fair,CVT,Petrol,30430
Honda,HR-V,2018,90458,Good,Manual,Petrol,44122
Honda,Civic,2010,194981,Poor,Automatic,Petrol,35494
Honda,City,2015,135553,Fair,Automatic,Petrol,17985
Honda,Accord,2024,23851,Excellent,CVT,Petrol,68339
Honda,BR-V,2014,153074,Fair,Automatic,Petrol,22100
Honda,Civic,2010,240839,Good,Automatic,Petrol,38111
Honda,Jazz,2025,22022,Excellent,CVT,Petrol,52173
Honda,Freed,2025,2000,New,CVT,Petrol,39813
Honda,BR-V,2016,121424,Fair,Manual,Petrol,14798
Honda,Accord,2022,24125,Excellent,CVT,Petrol,60303
Honda,CR-V,2020,81495,Good,Automatic,Petrol,121888
Honda,City,2015,147166,Good,Automatic,Petrol,24020
Honda,City,2018,107976,Fair,CVT,Petrol,25359
Honda,HR-V,2017,98470,Excellent,CVT,Petrol,47301
Honda,Civic,2019,97785,Good,Automatic,Petrol,88996
Honda,Jazz,2015,147448,Good,Automatic,Petrol,35928
Honda,City,2019,97157,Good,Automatic,Petrol,50248
Honda,BR-V,2017,92973,Good,CVT,Petrol,38011
Honda,City,2018,90151,Fair,CVT,Petrol,39485
Honda,CR-V,2012,170241,Fair,Manual,Petrol,69798
Honda,City,2022,69604,Good,Automatic,Petrol,54720
Honda,BR-V,2020,92741,Excellent,Automatic,Petrol,22020
Honda,Freed,2017,109623,Good,CVT,Petrol,30320
Honda,Civic,2025,7689,New,CVT,Petrol,113655
Honda,BR-V,2010,205488,Fair,Automatic,Petrol,12194
Honda,BR-V,2023,5925,Good,CVT,Petrol,23880
Honda,BR-V,2018,67892,Fair,Automatic,Petrol,16675
Honda,City,2024,20496,Excellent,CVT,Petrol,63574
Honda,Freed,2017,115406,Good,Automatic,Petrol,19292
Honda,Freed,2016,112892,Fair,CVT,Petrol,18155
Honda,Accord,2010,207904,Poor,Automatic,Petrol,22168
Honda,Accord,2019,81571,Fair,Automatic,Petrol,24457
Honda,HR-V,2025,6763,New,CVT,Petrol,101555
Honda,City,2017,124983,Good,CVT,Petrol,43078
Honda,BR-V,2020,59939,Good,CVT,Petrol,23094
Honda,Accord,2015,129038,Good,Manual,Petrol,59953
Honda,HR-V,2023,26081,Good,CVT,Petrol,106177
Honda,Jazz,2025,5809,New,Automatic,Petrol,42866
Honda,Accord,2021,70047,Excellent,CVT,Petrol,82288
Honda,Jazz,2017,103491,Fair,Manual,Petrol,32080
Honda,BR-V,2015,134791,Good,Automatic,Petrol,19882
Honda,Freed,2016,120934,Good,Automatic,Petrol,18120
Honda,BR-V,2021,49502,Good,CVT,Petrol,42705
Honda,City,2019,83833,Poor,Automatic,Petrol,27011
Honda,Jazz,2016,145720,Good,Manual,Petrol,36639
Honda,Jazz,2015,151895,Fair,CVT,Petrol,17085
Honda,HR-V,2016,141872,Poor,Automatic,Petrol,34044
Honda,Accord,2016,130234,Poor,Automatic,Petrol,34221
Honda,BR-V,2017,121452,Good,Automatic,Petrol,30911
Honda,City,2018,104953,Good,Manual,Petrol,26702
Honda,Jazz,2016,124696,Good,Automatic,Petrol,34023
Honda,HR-V,2023,50887,Like New,Automatic,Hybrid,124405
Honda,Civic,2020,69154,Excellent,CVT,Petrol,65724
Honda,HR-V,2021,48928,Good,CVT,Petrol,63037
Honda,Jazz,2013,186838,Poor,CVT,Petrol,15579
Honda,City,2013,173020,Poor,Manual,Petrol,12849
Honda,CR-V,2017,97160,Excellent,Automatic,Petrol,142356
Honda,Freed,2014,133988,Good,Automatic,Petrol,15971
Honda,City,2025,2000,New,CVT,Petrol,74955
Honda,CR-V,2024,15360,New,Automatic,Hybrid,125284
Honda,CR-V,2015,146451,Good,CVT,Petrol,90554
Honda,Jazz,2010,207772,Good,Automatic,Petrol,16550
Honda,Jazz,2012,172626,Poor,CVT,Petrol,16848
Honda,Freed,2021,39860,Good,Automatic,Petrol,20425
Honda,HR-V,2014,153529,Good,Automatic,Petrol,47518
Honda,Civic,2019,95405,Fair,Automatic,Petrol,73648
Honda,Accord,2025,2000,New,CVT,Petrol,149878
Honda,City,2016,126684,Good,CVT,Petrol,44277
Honda,Civic,2011,193570,Fair,CVT,Petrol,42051
Honda,Civic,2022,38140,Good,CVT,Petrol,116021
Honda,Freed,2020,77264,Good,Manual,Petrol,28422
Honda,Jazz,2024,25234,Like New,CVT,Petrol,58471
Honda,City,2023,29738,Good,Automatic,Petrol,43496
Honda,Accord,2016,124855,Fair,CVT,Petrol,73853
Honda,Jazz,2015,147831,Fair,Automatic,Petrol,10399
Honda,Accord,2020,48814,Excellent,Automatic,Petrol,123919
Honda,Freed,2023,19533,Excellent,CVT,Petrol,35389
Honda,Accord,2017,125280,Good,Automatic,Petrol,30951
Honda,CR-V,2010,214781,Good,Manual,Petrol,54827
Honda,CR-V,2018,95274,Poor,Automatic,Petrol,61489
Honda,Accord,2022,54902,Good,CVT,Petrol,78973
Honda,City,2024,13276,New,CVT,Petrol,64478
Honda,BR-V,2015,136808,Good,Automatic,Petrol,19501
Honda,Accord,2016,125218,Good,Automatic,Petrol,53029
Honda,Jazz,2020,70149,Like New,Automatic,Petrol,36976
Honda,Freed,2025,16166,Like New,Manual,Petrol,24972
Honda,Freed,2017,94763,Good,Manual,Petrol,16302
Honda,CR-V,2010,237502,Fair,Automatic,Petrol,52996
Honda,HR-V,2024,9738,Like New,CVT,Hybrid,74221
Honda,City,2014,148849,Poor,Automatic,Petrol,24266
Honda,BR-V,2017,102096,Good,Automatic,Petrol,28563
Honda,City,2017,102057,Good,Automatic,Petrol,28641
Honda,Civic,2021,48493,Good,CVT,Petrol,69264
Honda,Accord,2023,33352,Good,CVT,Petrol,84048
Honda,Jazz,2025,9805,New,CVT,Petrol,54260
Honda,Accord,2018,82146,Good,CVT,Petrol,54355
Honda,Jazz,2015,126147,Fair,Manual,Petrol,10746
Honda,HR-V,2025,6234,New,Automatic,Petrol,81776
Honda,Accord,2016,123508,Good,Automatic,Petrol,80586
Honda,Jazz,2012,187675,Good,CVT,Petrol,15040
Honda,Accord,2024,5357,New,CVT,Hybrid,129221
Honda,Civic,2023,27580,Good,Automatic,Petrol,111551
Honda,Accord,2025,2000,New,Automatic,Petrol,65394
Honda,Civic,2015,127846,Good,Automatic,Petrol,61998
Honda,CR-V,2025,5193,New,Automatic,Petrol,127485
Honda,Freed,2015,132155,Good,CVT,Petrol,19803
Honda,BR-V,2023,18991,Good,Automatic,Petrol,43675
Honda,City,2016,122810,Fair,CVT,Petrol,38818
Honda,Freed,2020,73384,Excellent,Automatic,Petrol,19328
Honda,BR-V,2017,102995,Good,CVT,Petrol,23739
Honda,City,2011,185106,Poor,Automatic,Petrol,18612
Honda,City,2012,191752,Fair,Automatic,Petrol,26863
Honda,City,2021,62266,Good,CVT,Petrol,60952
Honda,Jazz,2020,72649,Good,Automatic,Petrol,36540
Honda,CR-V,2024,9617,Like New,CVT,Petrol,122721
Honda,City,2025,14736,Excellent,CVT,Petrol,40557
Honda,City,2013,176668,Poor,Automatic,Petrol,14558
Honda,Civic,2014,170792,Good,CVT,Petrol,41954
Honda,HR-V,2025,17406,Like New,CVT,Petrol,56941
Honda,Civic,2025,10243,New,CVT,Petrol,110611
Honda,HR-V,2023,30979,Good,CVT,Petrol,54613
Honda,City,2012,185530,Fair,Manual,Petrol,16249
Honda,Jazz,2012,166429,Good,Automatic,Petrol,27301
Honda,HR-V,2020,76245,Excellent,Automatic,Petrol,97343
Honda,Accord,2014,155419,Fair,Automatic,Petrol,52140
Honda,BR-V,2025,17701,New,CVT,Petrol,36113
Honda,City,2021,62627,Good,Automatic,Hybrid,56058
Honda,Jazz,2014,159745,Good,Manual,Petrol,14038
Honda,City,2010,214172,Good,Automatic,Petrol,22392
Honda,City,2021,69998,Like New,CVT,Petrol,58351
Honda,Accord,2011,167247,Fair,Automatic,Petrol,29229
Honda,Freed,2018,83084,Poor,CVT,Petrol,13592
Honda,Accord,2023,41824,Excellent,CVT,Petrol,67800
Honda,City,2017,101502,Fair,CVT,Petrol,38330
Honda,City,2025,2000,Excellent,CVT,Petrol,65210
Honda,Accord,2012,200060,Poor,Automatic,Petrol,23375
Honda,Accord,2020,62339,Good,Automatic,Petrol,44840
Honda,Jazz,2019,73390,Fair,CVT,Petrol,28911
Honda,City,2024,24455,Excellent,CVT,Petrol,36635
Honda,HR-V,2023,48908,Excellent,Automatic,Petrol,74554
Honda,City,2013,183295,Fair,Automatic,Petrol,20457
Honda,BR-V,2020,81413,Good,Automatic,Petrol,34281
Honda,City,2017,117450,Fair,Automatic,Petrol,16321
Honda,Freed,2017,106591,Good,Automatic,Petrol,16915
Honda,Jazz,2010,211101,Poor,Manual,Petrol,10638
Honda,HR-V,2022,39087,Excellent,Automatic,Petrol,49976
Honda,HR-V,2024,27167,Good,CVT,Petrol,71894
Honda,Accord,2013,164975,Fair,Automatic,Petrol,18183
Honda,City,2015,140171,Good,Manual,Petrol,17714
Honda,BR-V,2024,2000,Good,Automatic,Petrol,25431
Honda,Jazz,2013,157286,Fair,Automatic,Petrol,23874
Honda,BR-V,2021,36676,Like New,Automatic,Petrol,31160
Honda,Jazz,2022,23753,Good,Automatic,Petrol,30888
Honda,HR-V,2010,211795,Poor,Automatic,Petrol,16083
Honda,Accord,2017,107970,Good,CVT,Petrol,30262
Honda,BR-V,2017,114494,Good,Automatic,Petrol,30800
Honda,Freed,2014,150364,Fair,Manual,Petrol,14012
Honda,Accord,2017,98694,Fair,CVT,Petrol,48156
Honda,Civic,2010,212500,Good,Automatic,Petrol,30720
Honda,Freed,2020,44597,Excellent,Automatic,Petrol,40580
Honda,CR-V,2020,53754,Fair,Automatic,Petrol,54670
Honda,Civic,2022,46405,Like New,Manual,Petrol,94114
Honda,City,2021,27644,Good,CVT,Hybrid,46642
Honda,Jazz,2024,21856,Like New,CVT,Petrol,48722
Honda,Accord,2023,53451,Good,Automatic,Petrol,47402
Honda,Freed,2014,143300,Fair,Automatic,Petrol,16186
Honda,BR-V,2025,2000,Excellent,CVT,Petrol,40745
Honda,HR-V,2014,150118,Poor,CVT,Petrol,26359
Honda,City,2022,44696,Excellent,Automatic,Petrol,27723
Honda,BR-V,2012,188232,Fair,CVT,Petrol,19792
Honda,CR-V,2023,7236,Good,CVT,Petrol,124438
Honda,BR-V,2022,44611,Excellent,CVT,Petrol,53960
Honda,City,2013,159134,Fair,Manual,Petrol,16542
Honda,BR-V,2025,14266,Good,CVT,Petrol,42598
Honda,Jazz,2018,104183,Good,CVT,Petrol,20469
Honda,Jazz,2011,184180,Good,Manual,Petrol,25130
Honda,HR-V,2020,72806,Good,Automatic,Hybrid,74262
Honda,Jazz,2014,143096,Good,CVT,Petrol,18979
Honda,City,2017,114023,Fair,Automatic,Petrol,31742
Honda,HR-V,2014,136423,Poor,Automatic,Petrol,31404
Honda,Accord,2011,206202,Fair,Automatic,Petrol,29091
Honda,CR-V,2016,126353,Good,Automatic,Petrol,57985
Honda,Freed,2017,126520,Good,CVT,Petrol,23899
Honda,Civic,2017,102528,Excellent,Automatic,Petrol,60484
Honda,Jazz,2022,54040,Good,CVT,Petrol,24692
Honda,HR-V,2013,172670,Good,Manual,Petrol,50716
Honda,Freed,2018,102781,Good,Automatic,Petrol,17281
Honda,BR-V,2021,50680,Fair,Automatic,Petrol,29726
Honda,HR-V,2020,67651,Fair,CVT,Petrol,56127
Honda,City,2021,30894,Excellent,CVT,Petrol,62564
Honda,Freed,2018,85716,Fair,CVT,Petrol,18524
Honda,Civic,2014,150077,Good,Automatic,Petrol,71063
Honda,CR-V,2016,116283,Good,Manual,Petrol,118837
Honda,CR-V,2014,137070,Poor,CVT,Petrol,47403
Honda,CR-V,2014,147372,Fair,Manual,Petrol,75096
Honda,Accord,2017,126270,Fair,Automatic,Petrol,32297
Honda,HR-V,2012,169564,Poor,Automatic,Petrol,23325
Honda,Jazz,2016,109052,Fair,Automatic,Petrol,13726
Honda,Freed,2022,53196,Excellent,CVT,Petrol,30994
Honda,Freed,2021,34171,Good,Automatic,Petrol,29353
Honda,Freed,2011,201409,Poor,CVT,Petrol,9461
Honda,Jazz,2010,222584,Good,Manual,Petrol,10296
Honda,Civic,2011,224668,Fair,Automatic,Petrol,49221
Honda,City,2011,214505,Fair,Automatic,Petrol,23200
Honda,CR-V,2018,100395,Good,CVT,Petrol,101902
Honda,Civic,2011,188776,Fair,Automatic,Petrol,44028
Honda,CR-V,2018,89438,Good,Automatic,Petrol,75429
Honda,BR-V,2024,34643,New,Automatic,Petrol,52226
Honda,Freed,2025,4077,Excellent,Automatic,Petrol,22755
Honda,Civic,2014,151129,Fair,CVT,Petrol,52859
Honda,BR-V,2022,21417,Good,CVT,Petrol,23705
Honda,City,2017,135551,Fair,CVT,Petrol,22458
Honda,Freed,2013,170979,Good,Manual,Petrol,21324
Honda,HR-V,2023,28606,Excellent,Automatic,Petrol,80608
Honda,HR-V,2024,2000,New,CVT,Petrol,59269
Honda,Jazz,2011,210429,Good,Automatic,Petrol,20359
Honda,CR-V,2022,28496,Good,Automatic,Petrol,86881
Honda,Freed,2017,93073,Good,Automatic,Petrol,20704
Honda,HR-V,2014,160622,Good,CVT,Petrol,49896
Honda,CR-V,2014,147229,Fair,CVT,Petrol,59052
Honda,Civic,2023,12157,Fair,CVT,Hybrid,52654
Honda,Accord,2021,37142,Good,Automatic,Petrol,110500
Honda,Accord,2018,92243,Fair,Automatic,Petrol,29794
Honda,Accord,2019,91429,Fair,CVT,Petrol,74331
Honda,Accord,2019,75585,Excellent,CVT,Petrol,69617
Honda,City,2013,189711,Fair,Manual,Petrol,17817
Honda,CR-V,2014,143118,Fair,Automatic,Petrol,60879
Honda,Jazz,2025,2529,New,Automatic,Petrol,45832
Honda,CR-V,2021,53415,Fair,CVT,Hybrid,79450
Honda,Freed,2017,115167,Fair,CVT,Petrol,13908
Honda,Freed,2025,11760,New,CVT,Petrol,35866
Honda,Accord,2017,122548,Fair,Automatic,Petrol,66609
Honda,Freed,2018,103188,Fair,Automatic,Petrol,20818
Honda,Accord,2011,191471,Fair,Manual,Petrol,47072
Honda,City,2010,222344,Poor,CVT,Petrol,14319
Honda,HR-V,2016,108354,Good,Manual,Petrol,67353
Honda,City,2015,148930,Poor,Manual,Petrol,20999
Honda,Accord,2015,134596,Good,Automatic,Petrol,60941
Honda,BR-V,2017,120798,Good,Manual,Petrol,31074
Honda,City,2021,70336,Like New,Automatic,Petrol,36133
Honda,Civic,2024,7019,New,Automatic,Hybrid,111051
Honda,Freed,2021,56240,Fair,CVT,Petrol,28277
Honda,Jazz,2016,125231,Good,Automatic,Petrol,37848
Honda,Freed,2010,204779,Poor,CVT,Petrol,8117
Honda,Accord,2013,160312,Fair,Manual,Petrol,24631
Honda,Freed,2016,119433,Good,Manual,Petrol,24666
Honda,Civic,2011,200950,Poor,Manual,Petrol,25714
Honda,BR-V,2012,185203,Poor,CVT,Petrol,9393
Honda,Freed,2025,7370,Like New,CVT,Petrol,37583
Honda,HR-V,2015,159059,Poor,CVT,Petrol,31032
Honda,HR-V,2013,144829,Fair,Automatic,Petrol,27094
Honda,HR-V,2019,81740,Fair,CVT,Petrol,43739
Honda,Jazz,2013,183943,Poor,Manual,Petrol,7919
Honda,Jazz,2013,153601,Poor,Automatic,Petrol,9476
Honda,CR-V,2022,62536,Excellent,CVT,Petrol,129010
Honda,Accord,2024,2000,Like New,CVT,Petrol,66771
Honda,Accord,2016,103499,Good,CVT,Petrol,92221
Honda,CR-V,2019,76804,Good,Automatic,Petrol,88492
Honda,Accord,2010,192672,Good,Automatic,Petrol,45542
Honda,City,2019,54909,Good,CVT,Petrol,25303
Honda,BR-V,2023,26298,Fair,Automatic,Petrol,27446
Honda,CR-V,2022,75791,Excellent,CVT,Petrol,131635
Honda,Jazz,2017,108038,Good,Manual,Petrol,19180
Honda,HR-V,2019,86960,Good,CVT,Petrol,41295
Honda,Accord,2024,25438,New,Automatic,Petrol,66131
Honda,BR-V,2023,5272,Fair,CVT,Petrol,27866
Honda,BR-V,2011,199513,Fair,Manual,Petrol,11729
Honda,CR-V,2025,3052,Like New,Manual,Petrol,121562
Honda,CR-V,2023,37740,Good,CVT,Petrol,163124
Honda,HR-V,2022,31192,Excellent,CVT,Hybrid,92023
Honda,HR-V,2025,14609,Excellent,Automatic,Hybrid,108058
Honda,BR-V,2012,185711,Fair,Manual,Petrol,15961
Honda,CR-V,2020,56305,Excellent,CVT,Petrol,123022
Honda,HR-V,2011,186474,Good,Automatic,Petrol,44543
Honda,Jazz,2016,113683,Fair,Automatic,Petrol,28921
Honda,Freed,2023,6978,Fair,Automatic,Petrol,25987
Honda,BR-V,2021,58624,Fair,Automatic,Petrol,26675
Honda,Accord,2017,119703,Excellent,CVT,Petrol,62458
Honda,CR-V,2015,137364,Fair,Automatic,Petrol,81168
Honda,City,2020,81601,Good,CVT,Petrol,52104
Honda,Accord,2022,50630,Fair,Automatic,Petrol,66861
Honda,City,2018,97007,Good,CVT,Petrol,55847
Honda,Freed,2025,12720,Like New,Automatic,Petrol,32906
Honda,City,2012,179661,Poor,CVT,Petrol,10251
Honda,CR-V,2011,194373,Poor,Automatic,Petrol,48276
Honda,Civic,2023,19982,Like New,Automatic,Petrol,119269
Honda,Jazz,2017,117813,Good,Automatic,Petrol,23141
Honda,Freed,2013,172139,Fair,CVT,Petrol,13975
Honda,Freed,2021,32019,Good,CVT,Petrol,19548
Honda,Civic,2018,96199,Good,Manual,Petrol,62079
Honda,Accord,2014,144372,Fair,Automatic,Petrol,40657
Honda,BR-V,2011,206163,Good,CVT,Petrol,15028
Honda,Civic,2024,17889,Good,CVT,Petrol,84136
Honda,Jazz,2024,20563,New,Automatic,Petrol,32376
Honda,Freed,2020,61962,Like New,CVT,Petrol,26798
Honda,Freed,2016,125828,Excellent,CVT,Petrol,24097
Honda,Freed,2021,78640,Good,CVT,Petrol,29002
Honda,City,2024,4795,Like New,Automatic,Petrol,51903
Honda,Jazz,2011,189802,Poor,CVT,Petrol,14664
Honda,CR-V,2011,192923,Fair,CVT,Petrol,67355
Honda,CR-V,2014,176706,Fair,Manual,Petrol,74372
Honda,BR-V,2015,132720,Fair,CVT,Petrol,19576
Honda,CR-V,2021,61597,Excellent,CVT,Petrol,99074
Honda,CR-V,2012,193505,Good,CVT,Petrol,73181
Honda,CR-V,2011,194097,Fair,Automatic,Petrol,41035
Honda,BR-V,2018,88543,Good,CVT,Petrol,21505
Honda,Civic,2010,197854,Fair,CVT,Petrol,33693
Honda,CR-V,2010,239294,Poor,Automatic,Petrol,30867
Honda,Freed,2014,167329,Fair,CVT,Petrol,12542
Honda,Jazz,2024,20417,Excellent,Automatic,Petrol,37302
Honda,Jazz,2022,63990,Good,CVT,Petrol,38962
Honda,Civic,2017,123778,Poor,Manual,Petrol,46675
Honda,HR-V,2015,110341,Good,Automatic,Petrol,40960
Honda,CR-V,2021,56083,Excellent,CVT,Petrol,127925
Honda,City,2021,68469,Excellent,CVT,Petrol,39458
Honda,CR-V,2021,51922,Fair,CVT,Petrol,119715
Honda,BR-V,2013,180937,Fair,Automatic,Petrol,13609
Honda,Civic,2021,49833,Fair,CVT,Petrol,50096
Honda,BR-V,2017,114628,Good,Automatic,Petrol,20402
Honda,City,2025,2000,Like New,Automatic,Petrol,57672
Honda,Civic,2016,159339,Good,CVT,Petrol,74992
Honda,Jazz,2012,189603,Fair,Automatic,Petrol,9069
Honda,BR-V,2024,9770,Excellent,CVT,Petrol,36239
Honda,HR-V,2019,92000,Fair,Automatic,Petrol,51548
Honda,HR-V,2013,145297,Good,Manual,Petrol,50765
Honda,City,2015,132729,Good,CVT,Petrol,48137
Honda,City,2020,79081,Fair,CVT,Petrol,20438
Honda,Accord,2020,73165,Excellent,CVT,Petrol,70845
Honda,City,2021,56803,Fair,Automatic,Petrol,28647
Honda,HR-V,2023,5841,Excellent,CVT,Petrol,69297
Honda,Freed,2018,89022,Good,CVT,Petrol,27886
Honda,Accord,2020,72117,Like New,CVT,Petrol,46851
Honda,CR-V,2010,220922,Poor,Automatic,Petrol,24211
Honda,Jazz,2013,161565,Poor,Manual,Petrol,11856
Honda,BR-V,2024,16490,New,CVT,Petrol,45732
Honda,BR-V,2012,172451,Fair,Automatic,Petrol,21442
Honda,BR-V,2014,150002,Poor,CVT,Petrol,14091
Honda,BR-V,2021,41989,Excellent,CVT,Petrol,34014
Honda,BR-V,2014,148402,Poor,Automatic,Petrol,13462
Honda,Accord,2020,67247,Excellent,CVT,Hybrid,62352
Honda,BR-V,2024,32388,New,CVT,Petrol,51190
Honda,City,2014,151540,Good,Automatic,Petrol,18040
Honda,City,2024,20775,Good,Automatic,Hybrid,45290
Honda,HR-V,2018,96982,Fair,Automatic,Petrol,48675
Honda,CR-V,2021,82501,Excellent,Automatic,Petrol,116205
Honda,CR-V,2019,76164,Fair,Automatic,Petrol,79958
Honda,BR-V,2015,140567,Fair,Automatic,Petrol,15550
Honda,Civic,2021,58358,Good,CVT,Hybrid,67190
Honda,Accord,2025,3234,New,Automatic,Petrol,154590
Honda,Jazz,2016,127713,Good,Automatic,Petrol,15605
Honda,Civic,2014,154689,Fair,Manual,Petrol,49107
Honda,Freed,2020,58938,Excellent,Automatic,Petrol,23269
Honda,Freed,2019,78266,Good,Manual,Petrol,17173
Honda,City,2017,117782,Good,CVT,Petrol,51776
Honda,Freed,2016,142329,Good,Automatic,Petrol,18131
Honda,Civic,2015,144284,Fair,CVT,Petrol,55448
Honda,BR-V,2018,95729,Good,Automatic,Petrol,24310
Honda,Jazz,2024,7018,Excellent,CVT,Petrol,34838
Honda,Jazz,2018,90535,Fair,CVT,Petrol,23545
Honda,Civic,2021,58873,Good,CVT,Petrol,94234
Honda,Civic,2024,2000,Like New,CVT,Petrol,117567
Honda,HR-V,2019,89354,Poor,Automatic,Petrol,46319
Honda,CR-V,2023,11418,Like New,CVT,Hybrid,159209
Honda,HR-V,2023,4392,Good,CVT,Petrol,50042
Honda,Civic,2015,139452,Fair,Automatic,Petrol,41429
Honda,HR-V,2016,125182,Good,Automatic,Petrol,78185
Honda,Jazz,2020,63449,Good,CVT,Petrol,46279
Honda,BR-V,2025,2000,New,CVT,Petrol,50955
Honda,Civic,2024,14061,Like New,Automatic,Hybrid,94704
Honda,City,2022,36928,Good,Automatic,Petrol,39511
Honda,Accord,2024,20379,New,CVT,Petrol,110774
Honda,City,2015,150963,Good,CVT,Petrol,18864
Honda,BR-V,2022,40657,Excellent,Automatic,Petrol,27328
Honda,City,2020,58043,Fair,Automatic,Petrol,28142
Honda,BR-V,2020,71541,Excellent,Automatic,Petrol,34997
Honda,Accord,2010,207742,Good,Manual,Petrol,46453
Honda,Jazz,2013,168878,Fair,CVT,Petrol,16229
Honda,Civic,2020,67055,Excellent,Automatic,Petrol,77888
Honda,HR-V,2011,205576,Poor,Automatic,Petrol,23824
Honda,Jazz,2014,152884,Fair,CVT,Petrol,22142
Honda,HR-V,2015,145022,Good,Automatic,Petrol,72357
Honda,Civic,2025,2000,Like New,Automatic,Petrol,88194
Honda,HR-V,2021,74688,Good,Automatic,Petrol,51432
Honda,City,2018,95357,Good,CVT,Petrol,28564
Honda,Jazz,2023,30808,Good,CVT,Petrol,32981
Honda,CR-V,2025,24756,New,Manual,Petrol,104532
Honda,Jazz,2017,115571,Fair,Automatic,Petrol,14062
Honda,BR-V,2024,2000,Like New,CVT,Petrol,36830
Honda,CR-V,2011,203080,Fair,Automatic,Petrol,52315
Honda,City,2022,28908,Excellent,Automatic,Petrol,42095
Honda,Jazz,2011,199434,Fair,Automatic,Petrol,18164
Honda,Civic,2020,64786,Like New,CVT,Petrol,108801
Honda,Accord,2016,155117,Poor,CVT,Petrol,41351
Honda,City,2022,53423,Excellent,Automatic,Petrol,67139
Honda,Civic,2021,54525,Excellent,Automatic,Petrol,67127
Honda,Civic,2011,193151,Good,Automatic,Petrol,51414
Honda,City,2014,164301,Fair,Automatic,Petrol,21730
Honda,Civic,2013,169997,Fair,Automatic,Petrol,38174
Honda,HR-V,2019,67519,Good,CVT,Petrol,73231
Honda,CR-V,2015,153418,Good,Manual,Petrol,74849
Honda,CR-V,2018,110510,Excellent,CVT,Petrol,109961
Honda,Accord,2025,11926,Excellent,CVT,Petrol,119929
Honda,CR-V,2023,23617,Good,CVT,Petrol,111789
Honda,BR-V,2010,215676,Fair,Automatic,Petrol,12480
Honda,Jazz,2024,2236,Like New,Automatic,Petrol,39213
Honda,Freed,2021,54542,Excellent,Automatic,Petrol,36658
Honda,Civic,2023,22645,Like New,Automatic,Petrol,91658
Honda,CR-V,2021,55327,Fair,Automatic,Hybrid,116184
Honda,Freed,2025,2000,New,CVT,Petrol,44003
Honda,HR-V,2017,113263,Excellent,Manual,Petrol,69994
Honda,Accord,2017,114941,Fair,Automatic,Petrol,75828
Honda,BR-V,2020,75249,Like New,Automatic,Petrol,35213
Honda,Jazz,2018,91162,Good,Automatic,Petrol,20817
Honda,City,2022,20354,Fair,Automatic,Petrol,30074
Honda,Accord,2020,83220,Good,Automatic,Petrol,33391
Honda,Freed,2023,14617,Good,Automatic,Petrol,22128
Honda,CR-V,2019,83456,Good,CVT,Petrol,68051
Honda,Freed,2025,15049,Excellent,CVT,Petrol,44347
Honda,Accord,2019,101945,Good,Automatic,Petrol,46370
Honda,Jazz,2012,170996,Fair,Automatic,Petrol,20246
Honda,Accord,2020,63318,Good,CVT,Petrol,82574
Honda,Civic,2012,174639,Fair,Manual,Petrol,41402
Honda,Accord,2013,178219,Good,Automatic,Petrol,31817
Honda,CR-V,2023,63127,Excellent,Automatic,Hybrid,152465
Honda,Accord,2010,223683,Fair,CVT,Petrol,38017
Honda,City,2023,13454,Fair,CVT,Petrol,25172
Honda,City,2013,186163,Fair,Automatic,Petrol,18469
Honda,Freed,2022,36035,Excellent,CVT,Petrol,26074
Honda,Accord,2023,14231,Excellent,CVT,Petrol,83447
Honda,City,2017,110763,Poor,CVT,Petrol,14265
Honda,City,2024,14836,New,Automatic,Petrol,64637
Honda,Jazz,2012,196337,Fair,Manual,Petrol,16331
Honda,City,2015,150120,Fair,Automatic,Petrol,25826
Honda,Jazz,2018,102667,Excellent,Automatic,Petrol,19991
Honda,HR-V,2014,124910,Poor,CVT,Petrol,28325
Honda,Civic,2012,181956,Fair,Automatic,Petrol,40857
Honda,Accord,2023,31007,Like New,Automatic,Hybrid,88570
Honda,Jazz,2013,173231,Fair,CVT,Petrol,18546
Honda,HR-V,2014,159048,Fair,CVT,Petrol,31298
Honda,CR-V,2023,32460,Good,Manual,Petrol,149751
Honda,HR-V,2022,35833,Good,CVT,Hybrid,71798
Honda,Accord,2010,209294,Good,Automatic,Petrol,52293
Honda,Freed,2019,78516,Fair,CVT,Petrol,17550
Honda,HR-V,2011,207279,Fair,Manual,Petrol,31049
Honda,CR-V,2025,2000,New,Automatic,Petrol,143584
Honda,City,2018,99000,Good,Manual,Petrol,43995
Honda,HR-V,2024,11495,Excellent,CVT,Petrol,80684
Honda,City,2013,155555,Good,Manual,Petrol,17034
Honda,Accord,2012,185716,Fair,Automatic,Petrol,29668
Honda,CR-V,2021,44308,Good,Manual,Hybrid,65859
Honda,City,2022,34588,Good,CVT,Hybrid,42180
Honda,HR-V,2023,2000,Excellent,CVT,Petrol,117391
Honda,CR-V,2019,79742,Fair,CVT,Petrol,86006
Honda,Civic,2023,31477,Excellent,CVT,Petrol,126399
Honda,Civic,2013,179228,Good,Manual,Petrol,46248
Honda,Freed,2018,109299,Poor,CVT,Petrol,17558
Honda,HR-V,2018,94669,Fair,Automatic,Petrol,70258
Honda,City,2018,97838,Fair,Automatic,Petrol,27858
Honda,BR-V,2015,137323,Poor,Automatic,Petrol,13733
Honda,Jazz,2021,48968,Like New,CVT,Petrol,24050
Honda,HR-V,2023,14114,Good,Automatic,Hybrid,91375
Honda,BR-V,2018,108401,Fair,CVT,Petrol,21584
Honda,Civic,2017,131134,Good,Automatic,Petrol,51211
Honda,Accord,2023,18555,Fair,CVT,Petrol,33050
Honda,Civic,2014,147092,Fair,Automatic,Petrol,43196
Honda,Freed,2012,170881,Fair,Manual,Petrol,11702
Honda,Accord,2018,88883,Good,CVT,Petrol,84205
Honda,Freed,2024,29792,Excellent,Automatic,Petrol,22568
Honda,BR-V,2020,66101,Excellent,Automatic,Petrol,25412
Honda,CR-V,2011,185803,Good,Automatic,Petrol,41946
Honda,Accord,2022,58467,Good,Automatic,Petrol,107041
Honda,Freed,2017,113296,Poor,CVT,Petrol,9489
Honda,Jazz,2020,78314,Excellent,Automatic,Petrol,32270
Honda,Freed,2020,85023,Excellent,Automatic,Petrol,27269
Honda,HR-V,2025,2000,Like New,Automatic,Petrol,62342
Honda,HR-V,2025,33660,Like New,Manual,Petrol,61052
Honda,Civic,2010,216985,Fair,Automatic,Petrol,28986
Honda,BR-V,2020,67620,Excellent,Manual,Petrol,43444
Honda,Accord,2018,122650,Good,Automatic,Petrol,37415
Honda,City,2011,195669,Fair,Automatic,Petrol,25880
Honda,HR-V,2016,115460,Fair,Automatic,Petrol,37146
Honda,Accord,2016,149778,Good,CVT,Petrol,69655
Honda,City,2011,183134,Good,CVT,Petrol,29079
Honda,HR-V,2010,222844,Good,Automatic,Petrol,52188
Honda,Jazz,2019,67871,Fair,CVT,Petrol,19236
Honda,HR-V,2023,17422,Like New,CVT,Petrol,77882
Honda,HR-V,2010,185603,Fair,Manual,Petrol,41305
Honda,Civic,2024,17913,Like New,CVT,Petrol,87693
Honda,CR-V,2022,25855,Good,CVT,Petrol,95777
Honda,City,2018,117347,Good,CVT,Petrol,29837
Honda,CR-V,2013,187839,Poor,Automatic,Petrol,44862
Honda,HR-V,2022,50060,Good,Automatic,Petrol,80941
Honda,HR-V,2014,166322,Fair,CVT,Petrol,46884
Honda,Freed,2014,143787,Fair,Automatic,Petrol,11529
Honda,HR-V,2022,43663,Good,Automatic,Petrol,91961
Honda,HR-V,2014,150091,Fair,Automatic,Petrol,55554
Honda,Jazz,2022,30073,Good,Automatic,Petrol,33732
Honda,Civic,2023,5054,Good,CVT,Petrol,82325
Honda,Freed,2023,37066,Excellent,Automatic,Petrol,31501
Honda,Accord,2025,13800,New,Automatic,Petrol,80515
Honda,Civic,2014,182288,Fair,Manual,Petrol,53948
Honda,CR-V,2025,2000,Like New,CVT,Petrol,181072
Honda,HR-V,2016,111746,Good,CVT,Petrol,58994
Honda,HR-V,2019,101303,Good,Manual,Petrol,39208
Honda,Jazz,2017,123733,Excellent,Manual,Petrol,31510
Honda,Jazz,2012,185143,Fair,Automatic,Petrol,17691
Honda,Accord,2016,136322,Fair,Automatic,Petrol,50698
Honda,BR-V,2025,2000,Like New,CVT,Petrol,40710
Honda,Jazz,2025,12300,New,CVT,Petrol,61400
Honda,Civic,2015,124463,Fair,Manual,Petrol,67804
Honda,Freed,2013,159334,Fair,Manual,Petrol,12170
Honda,HR-V,2012,198328,Poor,Automatic,Petrol,31955
Honda,City,2020,89406,Excellent,Automatic,Petrol,63543
Honda,Civic,2011,165966,Poor,Manual,Petrol,28080
Honda,CR-V,2020,63613,Excellent,CVT,Hybrid,157703
Honda,BR-V,2010,199628,Poor,Automatic,Petrol,11153
Honda,Civic,2013,160522,Poor,Automatic,Petrol,22246
Honda,City,2023,45516,Good,Automatic,Petrol,51900
Honda,Freed,2018,122266,Good,Automatic,Petrol,23388
Honda,City,2021,53582,Good,CVT,Petrol,27078
Honda,Freed,2024,12652,Excellent,CVT,Petrol,29343
Honda,Jazz,2016,138353,Fair,Automatic,Petrol,29669
Honda,Accord,2019,73996,Good,Automatic,Petrol,33191
Honda,Freed,2013,175528,Fair,CVT,Petrol,16149
Honda,Accord,2019,86321,Excellent,Automatic,Petrol,85336
Honda,City,2020,63039,Fair,CVT,Petrol,46143
Honda,Jazz,2021,56707,Good,Automatic,Petrol,22210
Honda,Civic,2022,25700,Good,Automatic,Petrol,68760
Honda,City,2014,152760,Fair,Automatic,Petrol,14095
Honda,Jazz,2024,2000,Like New,Automatic,Petrol,58625
Honda,Accord,2016,129374,Good,Automatic,Petrol,74431
Honda,BR-V,2012,171281,Good,Manual,Petrol,25057
Honda,Accord,2021,74432,Good,Automatic,Hybrid,88783
Honda,BR-V,2017,136654,Good,Automatic,Petrol,24890
Honda,CR-V,2024,33437,Good,Automatic,Petrol,118392
Honda,HR-V,2018,100749,Good,Automatic,Petrol,55744
Honda,Freed,2020,53623,Fair,Automatic,Petrol,25459
Honda,HR-V,2019,79200,Good,Automatic,Petrol,88266
Honda,Accord,2017,127733,Good,CVT,Petrol,69532
Honda,Jazz,2019,80495,Good,CVT,Petrol,43409
Honda,Civic,2023,14946,Good,Automatic,Hybrid,121110
Honda,BR-V,2019,77680,Fair,CVT,Petrol,19375
Honda,Accord,2020,104382,Good,CVT,Petrol,36173
Honda,HR-V,2015,146226,Poor,Automatic,Petrol,29703
Honda,City,2020,82623,Good,Automatic,Petrol,39486
Honda,Jazz,2012,183324,Fair,Manual,Petrol,14874
Honda,Accord,2019,116523,Poor,CVT,Petrol,33549
Honda,HR-V,2021,51125,Excellent,CVT,Petrol,101742
Honda,Accord,2016,122405,Fair,Automatic,Petrol,45308
Honda,Jazz,2017,101999,Good,Automatic,Petrol,34664
Honda,City,2016,127472,Good,CVT,Petrol,48828
Honda,HR-V,2017,113715,Good,CVT,Petrol,60107
Honda,Accord,2015,128022,Fair,Automatic,Petrol,61504
Honda,Freed,2014,145530,Fair,Automatic,Petrol,16120
Honda,Civic,2019,65817,Good,CVT,Petrol,57219
Honda,Civic,2020,78235,Like New,Manual,Petrol,75962
Honda,Freed,2024,2000,Like New,Automatic,Petrol,41429
Honda,Freed,2015,132748,Good,Manual,Petrol,23017
Honda,Civic,2020,48958,Fair,CVT,Petrol,81668
Honda,CR-V,2018,95800,Fair,Automatic,Petrol,81181
Honda,CR-V,2015,135176,Poor,CVT,Petrol,40184
Honda,CR-V,2014,136019,Fair,Automatic,Petrol,51544
Honda,Freed,2010,200193,Fair,Automatic,Petrol,10950
Honda,Accord,2023,12306,Excellent,CVT,Petrol,121823
Honda,Accord,2022,22371,Excellent,Manual,Petrol,84612
Honda,Civic,2024,11994,New,CVT,Petrol,136140
Honda,Jazz,2012,185733,Fair,Automatic,Petrol,10625
Honda,City,2012,187145,Good,Automatic,Petrol,27631
Honda,CR-V,2019,85634,Good,CVT,Petrol,80627
Honda,BR-V,2023,45737,Good,Automatic,Petrol,33585
Honda,Freed,2015,136785,Excellent,Automatic,Petrol,25273
Honda,BR-V,2011,178213,Fair,Manual,Petrol,14023
Honda,Accord,2025,2000,New,Automatic,Petrol,124409
Honda,HR-V,2017,107428,Poor,CVT,Petrol,29339
Honda,HR-V,2017,131620,Good,Manual,Petrol,41574
Honda,City,2017,118347,Good,Automatic,Petrol,33758
Honda,Freed,2017,93156,Excellent,CVT,Petrol,21128
Honda,Jazz,2022,47681,Excellent,CVT,Petrol,37337
Honda,HR-V,2014,156789,Fair,Manual,Petrol,34776
Honda,HR-V,2011,192702,Fair,Manual,Petrol,35621
Honda,Freed,2024,4630,Like New,CVT,Petrol,41579
Honda,Accord,2016,131284,Poor,Manual,Petrol,36341
Honda,BR-V,2015,144009,Good,CVT,Petrol,19410
Honda,Accord,2023,24915,Excellent,Automatic,Petrol,127706
Honda,Freed,2018,116107,Good,Automatic,Petrol,27772
Honda,Civic,2013,187446,Fair,Manual,Petrol,54874
Honda,City,2016,127030,Poor,CVT,Petrol,11510
Honda,City,2024,18685,New,CVT,Petrol,53909
Honda,Accord,2011,200493,Poor,Manual,Petrol,18093
Honda,City,2017,109466,Fair,Manual,Petrol,17407
Honda,CR-V,2024,25680,New,Automatic,Petrol,150632
Honda,Freed,2015,147044,Good,CVT,Petrol,21869
Honda,Accord,2018,97691,Good,Automatic,Petrol,34585
Honda,HR-V,2023,22465,Good,Automatic,Petrol,49738
Honda,CR-V,2018,83921,Fair,Automatic,Petrol,92253
Honda,CR-V,2023,36824,Good,CVT,Petrol,112510
Honda,Freed,2022,36257,Like New,Automatic,Petrol,39144
Honda,Freed,2018,104798,Fair,Automatic,Petrol,12801
Honda,Freed,2017,105128,Good,CVT,Petrol,19056
Honda,HR-V,2019,64433,Fair,Automatic,Petrol,43443
Honda,Freed,2018,95367,Good,Automatic,Petrol,27370
Honda,CR-V,2025,6721,New,Automatic,Petrol,189610
Honda,City,2012,195013,Fair,Automatic,Petrol,16651
Honda,CR-V,2013,172631,Fair,Automatic,Petrol,47292
Honda,City,2020,57355,Good,Manual,Petrol,53889
Honda,BR-V,2017,106433,Good,CVT,Petrol,35487
Honda,Accord,2014,148943,Fair,CVT,Petrol,50176
Honda,BR-V,2011,212903,Poor,Automatic,Petrol,9641
Honda,Civic,2019,82856,Fair,CVT,Petrol,45515
Honda,Civic,2022,52017,Good,Automatic,Petrol,99847
Honda,Freed,2024,10018,New,CVT,Petrol,30210
Honda,Civic,2023,21337,Excellent,CVT,Petrol,98633
Honda,Jazz,2021,29720,Good,CVT,Petrol,19757
Honda,CR-V,2021,58627,Excellent,Automatic,Petrol,109639
Honda,City,2021,51620,Fair,Automatic,Petrol,32694
Honda,Accord,2013,188938,Good,Automatic,Petrol,54154
Honda,BR-V,2024,3416,Excellent,CVT,Petrol,43491
Honda,HR-V,2017,138466,Fair,Automatic,Petrol,43904
Honda,Jazz,2021,44260,Fair,CVT,Petrol,28168
Honda,City,2021,63700,Good,Manual,Petrol,57185
Honda,HR-V,2023,9460,Fair,CVT,Petrol,61612
Honda,HR-V,2017,104014,Fair,Automatic,Petrol,59168
Honda,Freed,2019,73987,Fair,CVT,Petrol,24335
Honda,Civic,2011,178787,Fair,Manual,Petrol,38370
Honda,HR-V,2017,126507,Fair,Automatic,Petrol,41824
Honda,Freed,2013,153679,Fair,Automatic,Petrol,17630
Honda,Jazz,2023,26876,Excellent,Automatic,Petrol,35596
Honda,City,2021,66829,Excellent,Automatic,Petrol,61529
Honda,BR-V,2019,108624,Good,Manual,Petrol,32836
Honda,Freed,2013,184522,Poor,CVT,Petrol,8438
Honda,CR-V,2013,158807,Fair,CVT,Petrol,61564
Honda,Jazz,2019,88242,Poor,CVT,Petrol,20366
Honda,Civic,2022,48887,Good,CVT,Petrol,92010
Honda,BR-V,2025,2000,Like New,Automatic,Petrol,32921
Honda,Jazz,2010,211176,Poor,Manual,Petrol,8725
Honda,Civic,2022,24772,Good,CVT,Petrol,57779
Honda,Jazz,2018,98591,Good,Manual,Petrol,37166
Honda,HR-V,2014,173797,Fair,Automatic,Petrol,35382
Honda,BR-V,2011,191730,Good,Automatic,Petrol,20963
Honda,CR-V,2024,28346,New,Automatic,Petrol,173239
Honda,City,2013,163115,Poor,Automatic,Petrol,15420
Honda,City,2020,70523,Good,Automatic,Petrol,38842
Honda,Freed,2013,152670,Fair,Automatic,Petrol,15628
Honda,City,2013,179790,Fair,CVT,Petrol,31265
Honda,Accord,2021,42939,Good,CVT,Hybrid,109161
Honda,Freed,2014,142187,Good,Manual,Petrol,15495
Honda,Civic,2021,62436,Excellent,CVT,Petrol,77078
Honda,Freed,2022,48336,Excellent,CVT,Petrol,39197
Honda,Jazz,2021,63030,Good,Automatic,Petrol,42126
Honda,CR-V,2015,132546,Good,Automatic,Petrol,109307
Honda,Civic,2025,8885,Like New,Automatic,Petrol,98652
Honda,City,2020,67421,Good,CVT,Petrol,40161
Honda,Jazz,2018,108103,Excellent,Automatic,Petrol,39830
Honda,HR-V,2011,201520,Fair,Automatic,Petrol,35612
Honda,HR-V,2010,230455,Fair,Automatic,Petrol,25613
Honda,Jazz,2024,12002,Excellent,Automatic,Petrol,63895
Honda,Jazz,2012,196165,Fair,Automatic,Petrol,22549
Honda,BR-V,2018,107034,Fair,Automatic,Petrol,24503
Honda,CR-V,2019,74149,Good,Automatic,Petrol,116872
Honda,Freed,2024,4061,New,Automatic,Petrol,44769
Honda,HR-V,2020,90982,Good,CVT,Petrol,65039
Honda,Civic,2023,28810,Good,Manual,Petrol,59732
Honda,Accord,2020,64611,Good,CVT,Hybrid,86264
Honda,CR-V,2015,149294,Good,Automatic,Petrol,90456
Honda,City,2012,170894,Fair,Manual,Petrol,24823
Honda,City,2012,193702,Poor,Automatic,Petrol,14699
Honda,Civic,2012,175596,Poor,Manual,Petrol,31562
Honda,Civic,2024,11776,New,CVT,Petrol,113007
Honda,Accord,2019,79686,Excellent,Automatic,Petrol,38695
Honda,Jazz,2015,139208,Good,Manual,Petrol,14573
Honda,Civic,2019,69928,Fair,CVT,Petrol,67622
Honda,Civic,2019,90850,Fair,CVT,Petrol,79500
Honda,Jazz,2020,55491,Excellent,CVT,Petrol,32450
Honda,Civic,2018,99784,Poor,Automatic,Petrol,30195
Honda,HR-V,2022,41100,Excellent,Automatic,Hybrid,78139
Honda,CR-V,2011,195240,Fair,CVT,Petrol,36840
Honda,Accord,2021,44145,Excellent,CVT,Petrol,54382
Honda,Freed,2025,2000,Like New,Automatic,Petrol,43063
Honda,HR-V,2020,83752,Like New,Automatic,Petrol,68513
Honda,Accord,2017,117135,Good,Automatic,Petrol,53929
Honda,BR-V,2020,79999,Good,CVT,Petrol,40453
Honda,Freed,2023,36264,Fair,CVT,Petrol,25161
Honda,Jazz,2016,148773,Fair,Automatic,Petrol,18060
Honda,CR-V,2017,98917,Excellent,CVT,Petrol,111488
Honda,City,2012,175576,Fair,CVT,Petrol,18042
Honda,Jazz,2021,58172,Like New,CVT,Petrol,61474
Honda,BR-V,2021,42416,Like New,Automatic,Petrol,40988
Honda,City,2025,10274,Excellent,CVT,Petrol,56025
Honda,Jazz,2022,55980,Good,Automatic,Petrol,20383
Honda,Freed,2023,18048,Fair,CVT,Petrol,30356
Honda,Jazz,2019,75900,Good,CVT,Petrol,28630
Honda,CR-V,2021,54172,Fair,CVT,Petrol,61572
Honda,CR-V,2013,172341,Poor,Manual,Petrol,51475
Honda,Civic,2011,188538,Fair,CVT,Petrol,46126
Honda,CR-V,2021,38700,Excellent,Automatic,Petrol,128149
Honda,Accord,2017,100861,Good,Automatic,Petrol,29335
Honda,Accord,2019,83311,Poor,CVT,Petrol,45953
Honda,Civic,2022,47912,Excellent,Automatic,Petrol,73919
Honda,Civic,2010,230479,Good,Automatic,Petrol,37194
Honda,Civic,2022,48717,Good,CVT,Petrol,87953
Honda,Jazz,2025,2000,Good,Automatic,Petrol,24268
Honda,HR-V,2014,167796,Good,Manual,Petrol,51774
Honda,Accord,2019,94356,Good,CVT,Petrol,72784
Honda,Civic,2014,144214,Good,Manual,Petrol,55030
Honda,BR-V,2014,140158,Poor,CVT,Petrol,17214
Honda,BR-V,2017,110711,Poor,Automatic,Petrol,15434
Honda,Freed,2024,3321,Good,CVT,Petrol,20672
Honda,Freed,2021,58945,Fair,Automatic,Petrol,18246
Honda,BR-V,2017,114489,Good,Automatic,Petrol,28263
Honda,CR-V,2011,196880,Fair,CVT,Petrol,41094
Honda,City,2023,20302,Good,CVT,Petrol,60426
Honda,BR-V,2018,82479,Fair,Automatic,Petrol,25848
Honda,Freed,2011,201119,Fair,Automatic,Petrol,16345
Honda,CR-V,2015,163926,Good,Automatic,Petrol,88930
Honda,CR-V,2019,60842,Good,CVT,Petrol,98067
Honda,Accord,2022,50238,Good,Automatic,Petrol,78366
Honda,Accord,2016,138569,Good,Manual,Petrol,64434
Honda,BR-V,2025,2000,Excellent,CVT,Petrol,39094
Honda,Jazz,2016,119220,Fair,CVT,Petrol,26976
Honda,City,2011,186490,Poor,CVT,Petrol,9362
Honda,Civic,2012,184908,Poor,Automatic,Petrol,37338
Honda,Civic,2015,143118,Good,Automatic,Petrol,70614
Honda,Accord,2010,206704,Good,Manual,Petrol,50455
Honda,Jazz,2019,107270,Poor,CVT,Petrol,14758
Honda,Freed,2020,66644,Like New,Automatic,Petrol,40860
Honda,Civic,2023,18052,Good,CVT,Petrol,79166
Honda,Jazz,2011,185230,Poor,CVT,Petrol,8197
Honda,City,2025,8180,Excellent,CVT,Petrol,74449
Honda,Jazz,2020,80650,Fair,CVT,Petrol,31835
Honda,Jazz,2011,201110,Fair,Automatic,Petrol,19411
Honda,Civic,2025,7623,Good,Automatic,Petrol,60181
Honda,HR-V,2018,96617,Fair,CVT,Petrol,50621
Honda,CR-V,2020,71385,Good,CVT,Hybrid,76392
Honda,City,2012,168275,Good,Automatic,Petrol,22860
Honda,Civic,2021,37767,Excellent,CVT,Hybrid,69872
Honda,Freed,2014,161669,Good,CVT,Petrol,15898
Honda,Civic,2018,89883,Good,CVT,Petrol,67817
Honda,City,2023,25370,Excellent,Automatic,Petrol,31209
Honda,CR-V,2011,191217,Fair,Automatic,Petrol,65266
Honda,Civic,2025,34578,Excellent,Automatic,Petrol,88066
Honda,Civic,2010,219107,Fair,CVT,Petrol,28591
Honda,Freed,2015,149872,Good,CVT,Petrol,16079
Honda,CR-V,2019,93499,Good,Automatic,Petrol,87613
Honda,HR-V,2019,60408,Good,CVT,Petrol,61290
Honda,BR-V,2016,163893,Good,CVT,Petrol,23023
Honda,BR-V,2015,160931,Poor,CVT,Petrol,12617
Honda,BR-V,2013,171436,Good,Manual,Petrol,18913
Honda,Jazz,2012,191949,Good,Manual,Petrol,14196
Honda,Civic,2024,41831,New,CVT,Petrol,138135
Honda,Jazz,2020,55836,Good,CVT,Petrol,25359
Honda,BR-V,2018,96939,Fair,Automatic,Petrol,29508
Honda,Jazz,2021,66429,Fair,CVT,Petrol,21964
Honda,Freed,2024,14554,Like New,CVT,Petrol,35356
Honda,Jazz,2015,165032,Fair,Automatic,Petrol,11829
Honda,Accord,2019,96259,Fair,Manual,Petrol,42828
Honda,CR-V,2024,2000,New,CVT,Petrol,158034
Honda,Accord,2016,116669,Good,Automatic,Petrol,92931
Honda,Civic,2012,173610,Fair,Automatic,Petrol,52053
Honda,Accord,2024,8044,Like New,Automatic,Petrol,59424
Honda,Civic,2021,55904,Like New,CVT,Petrol,122983
Honda,Jazz,2016,152648,Good,Manual,Petrol,19935
Honda,City,2010,211690,Fair,CVT,Petrol,14004
Honda,CR-V,2021,48945,Good,Automatic,Petrol,94339
Honda,City,2024,21122,Like New,CVT,Hybrid,52689
Honda,CR-V,2020,61274,Good,CVT,Petrol,139931
Honda,CR-V,2015,148851,Good,CVT,Petrol,71845
Honda,HR-V,2015,137016,Poor,Automatic,Petrol,34484
Honda,BR-V,2025,2000,New,CVT,Petrol,57432
Honda,Civic,2022,42858,Good,CVT,Petrol,102299
Honda,Civic,2012,200724,Fair,Automatic,Petrol,29933
Honda,Civic,2024,12201,New,CVT,Petrol,73319
Honda,Civic,2022,41629,Good,CVT,Petrol,61206
Honda,Civic,2017,104618,Good,CVT,Petrol,70133
Honda,Jazz,2012,183786,Fair,Manual,Petrol,17956
Honda,Civic,2021,50816,Good,CVT,Petrol,61233
Honda,BR-V,2024,18019,New,Automatic,Petrol,31337
Honda,BR-V,2016,105062,Fair,Manual,Petrol,18951
Honda,Civic,2011,183980,Fair,Automatic,Petrol,46868
Honda,Civic,2018,102603,Excellent,Automatic,Petrol,80426
Honda,HR-V,2020,88413,Good,Automatic,Petrol,90170
Honda,HR-V,2023,50307,Good,CVT,Hybrid,95727
Honda,Civic,2019,85370,Good,Manual,Petrol,61753
Honda,Civic,2017,122632,Good,Automatic,Petrol,77064
Honda,Freed,2010,217622,Poor,CVT,Petrol,7297
Honda,BR-V,2018,111664,Fair,Automatic,Petrol,26660
Honda,Jazz,2018,100751,Good,Automatic,Petrol,25362
Honda,BR-V,2017,103094,Good,CVT,Petrol,30472
Honda,HR-V,2014,161916,Fair,CVT,Petrol,28340
Honda,Civic,2023,25291,Excellent,CVT,Petrol,104085
Honda,Civic,2015,139816,Excellent,Automatic,Petrol,67237
Honda,City,2014,143005,Good,Automatic,Petrol,35277
Honda,BR-V,2021,50275,Excellent,CVT,Petrol,50672
Honda,HR-V,2025,10880,New,CVT,Petrol,85911
Honda,CR-V,2023,30794,Excellent,Automatic,Hybrid,88646
Honda,Civic,2025,7847,New,Automatic,Petrol,145858
Honda,Freed,2018,93967,Good,Automatic,Petrol,20711
Honda,Jazz,2024,33182,New,CVT,Petrol,49267
Honda,Accord,2017,111430,Excellent,Manual,Petrol,71420
Honda,Civic,2018,76757,Poor,CVT,Petrol,53546
Honda,City,2015,133915,Poor,Manual,Petrol,16773
Honda,Civic,2024,2000,New,Automatic,Petrol,127524
Honda,Freed,2024,2000,New,CVT,Petrol,24883
Honda,CR-V,2019,94898,Excellent,Automatic,Petrol,148086
Honda,HR-V,2018,108998,Fair,Automatic,Petrol,57660
Honda,BR-V,2016,144510,Good,CVT,Petrol,23186
Honda,BR-V,2017,126478,Fair,Manual,Petrol,19227
Honda,BR-V,2025,2000,New,CVT,Petrol,51949
Honda,HR-V,2022,31843,Like New,Manual,Petrol,61027
Honda,HR-V,2011,177621,Poor,Automatic,Petrol,21371
Honda,City,2016,137864,Poor,CVT,Petrol,10435
Honda,Civic,2019,84981,Good,CVT,Petrol,94135
Honda,BR-V,2019,71951,Good,CVT,Petrol,28915
Honda,City,2024,29477,New,CVT,Hybrid,50040
Honda,CR-V,2024,2000,Excellent,Automatic,Petrol,155006
Honda,Civic,2024,44464,New,Automatic,Petrol,134260
Honda,BR-V,2021,50949,Good,Automatic,Petrol,22043
Honda,Jazz,2024,26782,New,Automatic,Petrol,40010
Honda,Civic,2024,13672,New,Automatic,Petrol,101864
Honda,Accord,2021,49300,Like New,Automatic,Petrol,97907
Honda,Freed,2015,139329,Good,CVT,Petrol,15363
Honda,Civic,2017,112332,Good,Manual,Petrol,51069
Honda,Civic,2022,29149,Fair,CVT,Petrol,63874
Honda,Accord,2010,212700,Fair,Manual,Petrol,30363
Honda,BR-V,2015,136678,Good,Manual,Petrol,28252
Honda,City,2025,2000,Like New,CVT,Petrol,60579
Honda,Jazz,2015,127569,Good,Manual,Petrol,14249
Honda,Freed,2016,111927,Good,CVT,Petrol,27909
Honda,BR-V,2023,12805,Excellent,CVT,Petrol,42518
Honda,Civic,2017,98657,Good,Manual,Petrol,85999
Honda,Accord,2017,127003,Fair,Manual,Petrol,30476
Honda,CR-V,2011,203063,Poor,Automatic,Petrol,40159
Honda,CR-V,2025,13865,New,Manual,Hybrid,174517
Honda,CR-V,2020,72519,Excellent,Automatic,Petrol,119935
Honda,Civic,2019,80623,Poor,CVT,Petrol,35156
Honda,Accord,2015,138415,Good,Automatic,Petrol,64134
Honda,Jazz,2019,81822,Fair,CVT,Petrol,23931
Honda,Freed,2023,17731,Excellent,CVT,Petrol,30630
Honda,CR-V,2014,150158,Fair,Automatic,Petrol,76002
Honda,HR-V,2012,178154,Fair,Automatic,Petrol,42381
Honda,Freed,2022,37050,Good,CVT,Petrol,19739
Honda,Accord,2014,153578,Fair,CVT,Petrol,36589
Honda,BR-V,2011,195585,Fair,Automatic,Petrol,13572
Honda,Accord,2015,136235,Poor,CVT,Petrol,43446
Honda,City,2012,176759,Fair,Automatic,Petrol,14843
Honda,BR-V,2011,206429,Fair,Automatic,Petrol,15161
Honda,Accord,2025,2000,New,Automatic,Petrol,153247
Honda,Accord,2023,48735,Excellent,Automatic,Petrol,136276
Honda,Civic,2020,68561,Good,Automatic,Petrol,60905
Honda,Jazz,2011,198824,Fair,Automatic,Petrol,13068
Honda,Accord,2014,139737,Good,Automatic,Petrol,67736
Honda,HR-V,2022,50909,Excellent,CVT,Petrol,74746
Honda,Civic,2011,202709,Good,Manual,Petrol,60979
Honda,HR-V,2021,41911,Fair,Automatic,Petrol,66404
Honda,Accord,2020,48632,Fair,CVT,Petrol,91331
Honda,Civic,2014,171513,Fair,CVT,Petrol,32823
Honda,Civic,2014,163821,Good,CVT,Petrol,50317
Honda,CR-V,2023,38213,Excellent,CVT,Petrol,185060
Honda,City,2010,219901,Fair,Manual,Petrol,15348
Honda,Accord,2022,53716,Excellent,CVT,Petrol,127168
Honda,CR-V,2017,121107,Good,Automatic,Petrol,63630
Honda,Freed,2021,51160,Fair,Automatic,Petrol,17481
Honda,Accord,2023,22311,Good,Automatic,Petrol,49954
Honda,BR-V,2022,43018,Good,CVT,Petrol,24047
Honda,Accord,2024,19986,New,CVT,Petrol,124165
Honda,Civic,2020,73889,Like New,CVT,Petrol,73008
Honda,City,2011,204199,Fair,Automatic,Petrol,15627
Honda,Jazz,2024,2000,Excellent,Automatic,Petrol,49114
Honda,City,2025,2000,New,Automatic,Petrol,73836
Honda,HR-V,2022,32323,Like New,Automatic,Petrol,120128
Honda,City,2024,22042,Like New,Automatic,Petrol,33950
Honda,HR-V,2020,67347,Good,CVT,Petrol,64793
Honda,HR-V,2011,190753,Good,CVT,Petrol,47762
Honda,BR-V,2025,12642,Excellent,Automatic,Petrol,51236
Honda,CR-V,2024,16454,New,Automatic,Hybrid,124021
Honda,City,2024,19041,Like New,CVT,Petrol,68788
Honda,Accord,2011,228002,Poor,Manual,Petrol,21393
Honda,Freed,2017,113486,Good,CVT,Petrol,29543
Honda,CR-V,2013,145997,Fair,Manual,Petrol,68601
Honda,HR-V,2016,121050,Good,Automatic,Petrol,49537
Honda,Jazz,2025,26065,New,Automatic,Petrol,47763
Honda,Jazz,2020,50609,Excellent,CVT,Petrol,39815
Honda,Freed,2024,19869,Good,Automatic,Petrol,28779
Honda,HR-V,2024,2066,Like New,Automatic,Petrol,113264
Honda,Jazz,2019,67597,Good,Automatic,Petrol,19634
Honda,Jazz,2014,142613,Fair,CVT,Petrol,29035
Honda,CR-V,2014,140187,Fair,Manual,Petrol,44406
Honda,Jazz,2025,9841,New,CVT,Petrol,62520
Honda,Accord,2018,111002,Good,Automatic,Petrol,42044
Honda,Accord,2015,126288,Good,CVT,Petrol,74822
Honda,CR-V,2010,205651,Good,Automatic,Petrol,66237
Honda,CR-V,2021,68866,Like New,CVT,Petrol,110888
Honda,City,2021,48485,Excellent,CVT,Hybrid,69544
Honda,Jazz,2023,26453,Good,CVT,Petrol,55990
Honda,BR-V,2011,198806,Fair,CVT,Petrol,16585
Honda,City,2020,84327,Good,CVT,Petrol,29756
Honda,HR-V,2012,163994,Fair,Automatic,Petrol,27478
Honda,HR-V,2011,214109,Fair,CVT,Petrol,24029
Honda,Jazz,2010,236039,Fair,Manual,Petrol,10317
Honda,CR-V,2019,89413,Good,Automatic,Petrol,121057
Honda,HR-V,2025,7102,Excellent,CVT,Petrol,98386
Honda,BR-V,2022,47937,Fair,CVT,Petrol,21058
Honda,Accord,2017,112088,Good,CVT,Petrol,62521
Honda,BR-V,2014,137009,Poor,Automatic,Petrol,14992
Honda,Accord,2021,9960,Excellent,Automatic,Petrol,57257
Honda,BR-V,2022,47476,Like New,Automatic,Petrol,37656
Honda,Accord,2024,15069,Excellent,CVT,Petrol,76567
Honda,BR-V,2018,105351,Fair,Automatic,Petrol,17644
Honda,BR-V,2020,78816,Fair,Automatic,Petrol,23516
Honda,CR-V,2022,41615,Good,Automatic,Petrol,90307
Honda,HR-V,2019,94448,Good,CVT,Petrol,51201
Honda,Civic,2021,44420,Excellent,Manual,Petrol,96333
Honda,CR-V,2016,128733,Fair,Manual,Petrol,86658
Honda,HR-V,2012,192200,Poor,Automatic,Petrol,19886
Honda,Accord,2015,117091,Good,CVT,Petrol,81542
Honda,Jazz,2020,85304,Good,CVT,Petrol,44025
Honda,BR-V,2023,37773,Like New,CVT,Petrol,50563
Honda,Civic,2022,37105,Fair,CVT,Petrol,60843
Honda,Civic,2019,67821,Good,CVT,Petrol,107840
Honda,CR-V,2024,6741,Excellent,CVT,Petrol,117339
Honda,HR-V,2014,161740,Fair,Automatic,Petrol,46328
Honda,BR-V,2022,43946,Excellent,Automatic,Petrol,29760
Honda,HR-V,2012,198302,Good,Manual,Petrol,46323
Honda,CR-V,2021,41093,Good,CVT,Petrol,76496
Honda,Jazz,2010,213037,Poor,Automatic,Petrol,13187
Honda,Freed,2013,149429,Fair,Automatic,Petrol,14914
Honda,City,2024,28077,Good,Automatic,Petrol,43169
Honda,City,2023,29449,Fair,Automatic,Hybrid,53423
Honda,CR-V,2024,21914,Good,Automatic,Petrol,170628
Honda,HR-V,2017,116571,Fair,Automatic,Petrol,43183
Honda,HR-V,2013,172442,Fair,Manual,Petrol,32594
Honda,Freed,2018,92253,Fair,Manual,Petrol,15122
Honda,City,2016,118375,Good,Manual,Petrol,28553
Honda,Accord,2019,97842,Fair,CVT,Petrol,78942
Honda,Accord,2017,131168,Good,Automatic,Petrol,89601
Honda,BR-V,2018,117104,Fair,CVT,Petrol,23961
Honda,Jazz,2020,51328,Good,Automatic,Petrol,25023
Honda,Civic,2013,175783,Fair,Manual,Petrol,48976
Honda,CR-V,2023,45164,Good,CVT,Petrol,95244
Honda,Civic,2016,132180,Fair,CVT,Petrol,53411
Honda,Jazz,2011,216028,Fair,Automatic,Petrol,12292
Honda,Civic,2018,78722,Good,Automatic,Petrol,51169
Honda,Freed,2023,21871,Good,CVT,Petrol,38156
Honda,CR-V,2013,178951,Fair,Automatic,Petrol,79303
Honda,HR-V,2018,89131,Fair,Manual,Petrol,50194
Honda,Accord,2019,89535,Fair,Automatic,Petrol,51111
Honda,Freed,2023,38258,Good,CVT,Petrol,36183
Honda,CR-V,2025,2000,Like New,CVT,Petrol,173572
Honda,CR-V,2014,168351,Fair,Automatic,Petrol,73679
Honda,Freed,2025,2000,Excellent,CVT,Petrol,42234
Honda,Freed,2021,44314,Excellent,CVT,Petrol,34709
Honda,City,2021,51978,Like New,CVT,Petrol,64676
Honda,City,2022,53633,Good,Automatic,Petrol,36515
Honda,CR-V,2023,13321,Good,CVT,Petrol,83413
Honda,Civic,2024,17005,Like New,Automatic,Petrol,133905
Honda,CR-V,2023,38370,Excellent,Manual,Petrol,91361
Honda,Accord,2016,112423,Fair,CVT,Petrol,38634
Honda,Freed,2012,183482,Fair,Manual,Petrol,13878
Honda,HR-V,2020,54380,Good,Manual,Hybrid,89876
Honda,Civic,2016,120238,Fair,CVT,Petrol,69431
Honda,Accord,2025,24646,New,Automatic,Petrol,152888
Honda,CR-V,2012,201950,Fair,CVT,Petrol,49566
Honda,Accord,2022,35681,Fair,CVT,Petrol,41350
Honda,BR-V,2015,128770,Good,Automatic,Petrol,27833
Honda,HR-V,2018,95921,Poor,Automatic,Petrol,41008
Honda,City,2018,112577,Good,Automatic,Petrol,40409
Honda,HR-V,2019,99849,Good,CVT,Petrol,76748
Honda,CR-V,2021,54231,Fair,CVT,Petrol,105201
Honda,CR-V,2015,152123,Good,CVT,Petrol,54866
Honda,Jazz,2020,59837,Good,CVT,Petrol,35737
Honda,HR-V,2016,140545,Good,CVT,Petrol,42196
Honda,Jazz,2014,178597,Fair,CVT,Petrol,22832
Honda,Civic,2016,112759,Good,Automatic,Petrol,76054
Honda,Jazz,2012,176140,Good,Automatic,Petrol,26536
Honda,Freed,2015,145365,Fair,Automatic,Petrol,15720
Honda,BR-V,2018,101661,Good,Automatic,Petrol,29745
Honda,CR-V,2017,96608,Excellent,CVT,Petrol,74069
Honda,Accord,2015,138758,Poor,Manual,Petrol,31521
Honda,Accord,2020,77757,Like New,Automatic,Petrol,128505
Honda,BR-V,2025,2000,Good,CVT,Petrol,37189
Honda,HR-V,2020,61182,Excellent,CVT,Petrol,67069
Honda,CR-V,2010,210732,Fair,Automatic,Petrol,59330
Honda,CR-V,2015,142211,Good,Automatic,Petrol,70652
Honda,Civic,2012,183982,Fair,Manual,Petrol,48568
Honda,BR-V,2022,50218,Good,CVT,Petrol,33122
Honda,Jazz,2023,33894,Fair,Automatic,Petrol,15838
Honda,CR-V,2019,72355,Good,CVT,Petrol,88675
Honda,CR-V,2012,174455,Fair,Automatic,Petrol,33761
Honda,HR-V,2023,30058,Excellent,Automatic,Petrol,65914
Honda,HR-V,2024,17053,Like New,CVT,Hybrid,73534
Honda,CR-V,2020,62462,Excellent,CVT,Petrol,121843
Honda,Accord,2011,177834,Fair,Automatic,Petrol,50184
Honda,Freed,2018,96617,Fair,CVT,Petrol,18256
Honda,Accord,2022,33460,Excellent,Automatic,Petrol,116552
Honda,HR-V,2013,136502,Fair,CVT,Petrol,50363
Honda,BR-V,2021,38068,Excellent,Automatic,Petrol,31107
Honda,HR-V,2019,69181,Good,Automatic,Petrol,97459
Honda,Jazz,2012,181051,Poor,Manual,Petrol,10141
Honda,Jazz,2025,14032,Excellent,CVT,Petrol,51551
Honda,City,2017,96921,Good,Automatic,Petrol,23694
Honda,City,2021,58172,Fair,CVT,Hybrid,25496
Honda,Civic,2025,5062,Excellent,CVT,Petrol,80068
Honda,BR-V,2021,55494,Excellent,CVT,Petrol,40737
Honda,City,2022,42189,Good,CVT,Petrol,55506
Honda,City,2010,199978,Good,CVT,Petrol,26874
Honda,Civic,2014,158112,Poor,CVT,Petrol,38868
Honda,CR-V,2024,15044,New,Manual,Petrol,185080
Honda,BR-V,2012,196657,Fair,Manual,Petrol,18704
Honda,Accord,2014,143130,Poor,Automatic,Petrol,29494
Honda,Accord,2022,29529,Fair,Automatic,Petrol,93948
Honda,Jazz,2023,30777,Excellent,Automatic,Petrol,54008
Honda,Civic,2017,119366,Excellent,Manual,Petrol,86030
Honda,Accord,2016,115153,Fair,Automatic,Petrol,61654
Honda,HR-V,2023,2916,Excellent,Automatic,Petrol,70837
Honda,Accord,2024,39172,Like New,Automatic,Petrol,101988
Honda,Freed,2011,184661,Good,Manual,Petrol,16980
Honda,City,2025,2000,Like New,CVT,Hybrid,61211
Honda,Civic,2025,12560,New,CVT,Petrol,87732
Honda,Freed,2019,73982,Good,Automatic,Petrol,33793
Honda,Jazz,2015,147157,Fair,Automatic,Petrol,24161
Honda,Freed,2014,161448,Fair,Automatic,Petrol,17568
Honda,Accord,2025,2000,Like New,Automatic,Petrol,109300
Honda,HR-V,2024,16010,Excellent,Automatic,Petrol,76720
Honda,BR-V,2019,93527,Good,Automatic,Petrol,30576
Honda,Jazz,2022,30436,Fair,Automatic,Petrol,39923
Honda,Civic,2024,2000,Like New,CVT,Petrol,111121
Honda,HR-V,2012,200096,Fair,CVT,Petrol,29556
Honda,City,2015,126978,Good,Automatic,Petrol,27847
Honda,Jazz,2017,115372,Good,CVT,Petrol,26307
Honda,HR-V,2014,148189,Poor,Automatic,Petrol,37726
Honda,Freed,2019,105304,Good,CVT,Petrol,29586
Honda,BR-V,2022,63163,Fair,Automatic,Petrol,23679
Honda,Jazz,2018,88876,Good,Automatic,Petrol,28231
Honda,City,2014,164642,Fair,Manual,Petrol,14388
Honda,CR-V,2016,124670,Fair,Manual,Petrol,42429
Honda,HR-V,2021,67671,Good,CVT,Petrol,54362
Honda,BR-V,2010,207373,Fair,Manual,Petrol,14403
Honda,Jazz,2014,154969,Fair,CVT,Petrol,20170
Honda,Civic,2019,81565,Fair,CVT,Petrol,64335
Honda,City,2025,13152,Excellent,CVT,Petrol,42150
Honda,Freed,2024,21273,Like New,Manual,Petrol,21745
Honda,HR-V,2023,9879,Fair,Automatic,Petrol,64886
Honda,Jazz,2025,4353,Like New,CVT,Petrol,24645
Honda,Freed,2025,2000,Good,CVT,Petrol,39212
Honda,Civic,2015,146918,Good,Automatic,Petrol,45899
Honda,HR-V,2020,66216,Like New,CVT,Petrol,100234
Honda,BR-V,2017,119070,Fair,CVT,Petrol,26436
Honda,Freed,2024,18784,New,Automatic,Petrol,26097
Honda,HR-V,2020,90212,Excellent,CVT,Petrol,77998
Honda,City,2013,182770,Good,Automatic,Petrol,27462
Honda,Accord,2022,34429,Excellent,CVT,Petrol,86822
Honda,Accord,2022,41027,Excellent,CVT,Petrol,71409
Honda,Civic,2017,93902,Excellent,Automatic,Petrol,71248
Honda,City,2015,164283,Excellent,Automatic,Petrol,41460
Honda,City,2011,194798,Fair,Manual,Petrol,25682
Honda,CR-V,2014,158300,Fair,Automatic,Petrol,48088
Honda,CR-V,2011,202014,Fair,Manual,Petrol,38346
Honda,BR-V,2020,64009,Good,Automatic,Petrol,33047
Honda,Jazz,2016,113489,Good,CVT,Petrol,16951
Honda,Freed,2019,89043,Good,CVT,Petrol,27153
Honda,Freed,2023,38653,Excellent,CVT,Petrol,25600
Honda,Jazz,2024,13808,New,Automatic,Petrol,27130
Honda,HR-V,2013,152903,Fair,Automatic,Petrol,46538
Honda,Civic,2015,146521,Good,Manual,Petrol,57873
Honda,HR-V,2012,171246,Poor,Automatic,Petrol,24449
Honda,BR-V,2024,27754,Like New,CVT,Petrol,55879
Honda,City,2025,16952,Like New,Automatic,Petrol,35560
Honda,City,2010,218498,Fair,CVT,Petrol,22082
Honda,Freed,2022,49286,Excellent,CVT,Petrol,33059
Honda,CR-V,2022,37201,Fair,CVT,Petrol,61449
Honda,Jazz,2024,25417,Like New,Automatic,Petrol,56646
Honda,Accord,2015,167465,Poor,CVT,Petrol,18481
Honda,CR-V,2019,83649,Good,Automatic,Petrol,130326
Honda,HR-V,2015,133030,Good,CVT,Petrol,72482
Honda,BR-V,2024,2000,New,CVT,Petrol,60000
Honda,HR-V,2019,105760,Poor,Automatic,Petrol,24701
Honda,CR-V,2014,151925,Good,CVT,Petrol,78618
Honda,CR-V,2023,17439,Excellent,Automatic,Petrol,157819
Honda,Accord,2023,39689,Excellent,CVT,Petrol,86673
Honda,Freed,2021,73802,Excellent,CVT,Petrol,27147
Honda,Jazz,2014,158903,Fair,Automatic,Petrol,10022
Honda,Civic,2015,153713,Good,CVT,Petrol,56460
Honda,City,2015,147677,Good,Automatic,Petrol,30213
Honda,Accord,2010,205019,Fair,Manual,Petrol,41383
Honda,Accord,2023,51760,Excellent,CVT,Petrol,82977
Honda,BR-V,2010,211045,Poor,Automatic,Petrol,8449
Honda,City,2024,2000,Like New,Automatic,Petrol,65690
Honda,City,2016,118448,Excellent,CVT,Petrol,33415
Honda,City,2011,192691,Fair,CVT,Petrol,13726
Honda,Civic,2012,162884,Poor,Automatic,Petrol,36196
Honda,HR-V,2018,86226,Fair,CVT,Petrol,64912
Honda,CR-V,2024,34935,Excellent,CVT,Petrol,140464
Honda,BR-V,2016,133870,Good,Automatic,Petrol,34066
Honda,CR-V,2025,10537,Like New,Manual,Petrol,133958
Honda,Freed,2019,99056,Fair,CVT,Petrol,20356
Honda,Civic,2018,93343,Good,CVT,Petrol,74119
Honda,CR-V,2017,119369,Excellent,Automatic,Petrol,69362
Honda,CR-V,2014,152096,Fair,Automatic,Petrol,44896
Honda,CR-V,2011,201219,Fair,CVT,Petrol,36673
Honda,Freed,2023,22245,Excellent,Automatic,Petrol,25592
Honda,Accord,2023,36757,Fair,CVT,Petrol,61776
Honda,Jazz,2010,208390,Good,Manual,Petrol,16167
Honda,Freed,2021,78183,Good,CVT,Petrol,33005
Honda,HR-V,2021,64164,Like New,Automatic,Petrol,93096
Honda,Civic,2025,2000,Excellent,Automatic,Petrol,111131
Honda,CR-V,2018,89568,Good,Automatic,Petrol,105410
Honda,BR-V,2024,13356,New,CVT,Petrol,43514
Honda,Freed,2025,2000,Like New,CVT,Petrol,43119
Honda,HR-V,2017,126643,Fair,Automatic,Petrol,55824
Honda,Jazz,2015,150715,Fair,Automatic,Petrol,20342
Honda,Jazz,2012,178064,Fair,Manual,Petrol,20049
Honda,CR-V,2016,116875,Good,Automatic,Petrol,57054
Honda,Accord,2019,97158,Excellent,CVT,Petrol,62632
Honda,BR-V,2024,21416,New,Automatic,Petrol,47984
Honda,Accord,2015,144706,Good,CVT,Petrol,28665
Honda,City,2017,106479,Good,Manual,Petrol,47342
Honda,Jazz,2021,73573,Good,CVT,Petrol,41813
Honda,CR-V,2015,140327,Good,Automatic,Petrol,75494
Honda,CR-V,2024,2000,New,CVT,Hybrid,220000
Honda,HR-V,2015,143850,Excellent,CVT,Petrol,68982
Honda,Jazz,2018,108984,Excellent,Automatic,Petrol,30440
Honda,Jazz,2011,194903,Good,Automatic,Petrol,14711
Honda,Freed,2017,110770,Fair,CVT,Petrol,17923
Honda,Freed,2023,20597,Excellent,Automatic,Petrol,33020
Honda,BR-V,2025,17412,New,Automatic,Petrol,53021
Honda,CR-V,2016,121838,Good,Automatic,Petrol,111488
Honda,HR-V,2016,146393,Fair,CVT,Petrol,35826
Honda,Civic,2022,30124,Fair,CVT,Petrol,89158
Honda,Jazz,2012,198440,Good,Automatic,Petrol,25650
Honda,BR-V,2012,176613,Fair,Automatic,Petrol,17737
Honda,CR-V,2020,73044,Good,Automatic,Petrol,126246
Honda,HR-V,2021,59339,Excellent,CVT,Petrol,87918
Honda,Civic,2016,121970,Good,Automatic,Petrol,52818
Honda,Jazz,2022,49793,Like New,Automatic,Petrol,32058
Honda,Freed,2025,2000,Like New,CVT,Petrol,40168
Honda,Jazz,2021,52373,Excellent,Manual,Petrol,23157
Honda,City,2019,110249,Fair,Automatic,Petrol,33489
Honda,City,2022,57455,Excellent,CVT,Petrol,55620
Honda,Jazz,2018,120839,Fair,CVT,Petrol,35719
Honda,HR-V,2010,218269,Fair,Manual,Petrol,30060
Honda,HR-V,2024,21893,Excellent,Automatic,Petrol,72199
Honda,HR-V,2024,21016,New,CVT,Hybrid,114378
Honda,Civic,2020,81344,Excellent,CVT,Petrol,92416
Honda,Accord,2020,74105,Excellent,Automatic,Petrol,122763
Honda,BR-V,2012,183293,Poor,CVT,Petrol,12981
Honda,HR-V,2018,91156,Good,Automatic,Petrol,59167
Honda,HR-V,2023,37077,Excellent,CVT,Hybrid,107861
Honda,HR-V,2025,2000,Excellent,Automatic,Petrol,80807
Honda,CR-V,2021,57725,Fair,CVT,Petrol,60714
Honda,Freed,2024,3462,Good,Automatic,Petrol,23236
Honda,Civic,2011,188796,Good,Automatic,Petrol,50053
Honda,CR-V,2016,142886,Good,Automatic,Petrol,84632
Honda,BR-V,2019,80786,Good,CVT,Petrol,41806
Honda,City,2015,137015,Fair,CVT,Petrol,35047
Honda,BR-V,2021,62111,Excellent,Automatic,Petrol,43244
Honda,Freed,2021,59337,Good,Manual,Petrol,24209
Honda,City,2012,185798,Fair,Manual,Petrol,19706
Honda,CR-V,2021,56993,Good,Automatic,Petrol,126114
Honda,CR-V,2019,104056,Good,CVT,Petrol,103016
Honda,HR-V,2017,104636,Good,Automatic,Petrol,84006
Honda,Freed,2023,13822,Fair,Automatic,Petrol,14035
Honda,City,2022,46061,Good,CVT,Petrol,37862
Honda,Accord,2020,67781,Good,Automatic,Petrol,56522
Honda,BR-V,2019,56930,Excellent,CVT,Petrol,38583
Honda,City,2018,111284,Good,Automatic,Petrol,51675
Honda,Civic,2024,2000,New,CVT,Hybrid,150000
Honda,CR-V,2014,161983,Fair,Automatic,Petrol,70591
Honda,CR-V,2024,9234,Like New,Automatic,Petrol,105365
Honda,Jazz,2011,161116,Fair,Automatic,Petrol,16980
Honda,Civic,2017,112702,Fair,CVT,Petrol,47401
Honda,BR-V,2012,166051,Fair,CVT,Petrol,18365
Honda,Jazz,2020,76817,Good,CVT,Petrol,33343
Honda,HR-V,2016,122582,Fair,Automatic,Petrol,32241
Honda,Accord,2013,147184,Poor,Automatic,Petrol,15218
Honda,CR-V,2013,158857,Fair,Manual,Petrol,71465
Honda,CR-V,2017,96797,Good,CVT,Petrol,119436
Honda,City,2010,213367,Poor,CVT,Petrol,17508
Honda,HR-V,2011,201707,Fair,Manual,Petrol,21014
Honda,Jazz,2019,75651,Good,CVT,Petrol,16551
Honda,City,2025,2000,Like New,CVT,Hybrid,71039
Honda,Jazz,2020,56011,Good,Automatic,Petrol,20226
Honda,City,2010,210840,Good,CVT,Petrol,25820
Honda,Civic,2025,7579,Excellent,Automatic,Petrol,118861
Honda,Jazz,2021,69660,Fair,Manual,Petrol,26607
Honda,Civic,2016,138546,Good,Automatic,Petrol,64075
Honda,HR-V,2024,19867,Like New,CVT,Petrol,71073
Honda,Freed,2020,79870,Fair,Manual,Petrol,20241
Honda,HR-V,2021,35331,Excellent,CVT,Petrol,102504
Honda,Freed,2022,34047,Excellent,Automatic,Petrol,34409
Honda,City,2017,103784,Good,Automatic,Petrol,42590
Honda,HR-V,2019,76029,Fair,CVT,Petrol,67126
Honda,Jazz,2020,71022,Excellent,CVT,Petrol,40951
Honda,HR-V,2023,20202,Fair,CVT,Petrol,62244
Honda,Freed,2016,109877,Fair,Automatic,Petrol,13504
Honda,CR-V,2020,68300,Excellent,CVT,Petrol,135195
Honda,CR-V,2020,68403,Fair,CVT,Petrol,51555
Honda,Civic,2012,180457,Good,Automatic,Petrol,50356
Honda,Accord,2010,193914,Poor,Manual,Petrol,15680
Honda,CR-V,2014,180860,Fair,Automatic,Petrol,70869
Honda,HR-V,2024,2000,New,CVT,Hybrid,79393
Honda,BR-V,2015,141492,Good,Manual,Petrol,28046
Honda,City,2024,22048,Good,CVT,Petrol,36453
Honda,Civic,2012,193811,Poor,Automatic,Petrol,29471
Honda,HR-V,2021,60331,Good,CVT,Petrol,88519
Honda,HR-V,2014,144446,Fair,Automatic,Petrol,27417
Honda,Accord,2020,71675,Excellent,CVT,Petrol,58884
Honda,Jazz,2020,75330,Good,CVT,Petrol,51411
Honda,Jazz,2025,8864,Excellent,Automatic,Petrol,64742
Honda,BR-V,2023,43273,Excellent,Automatic,Petrol,26234
Honda,Jazz,2020,65694,Good,Manual,Petrol,26718
Honda,Freed,2024,3255,New,CVT,Petrol,29499
Honda,Civic,2019,75575,Good,Automatic,Petrol,90860
Honda,Civic,2021,49705,Good,Automatic,Hybrid,72593
Honda,Accord,2015,130733,Fair,Automatic,Petrol,20801
Honda,Accord,2021,66445,Fair,CVT,Petrol,96557
Honda,Freed,2019,86132,Fair,Automatic,Petrol,20358
Honda,HR-V,2010,221475,Poor,Automatic,Petrol,17159
Honda,HR-V,2016,138863,Excellent,Manual,Petrol,70962
Honda,Freed,2015,142800,Fair,Manual,Petrol,13780
Honda,Civic,2016,107258,Fair,Automatic,Petrol,72965
Honda,CR-V,2021,45766,Like New,CVT,Petrol,180868
Honda,HR-V,2024,11868,Like New,CVT,Petrol,58360
Honda,Freed,2012,157387,Poor,Automatic,Petrol,9577
Honda,BR-V,2012,193276,Good,Automatic,Petrol,24193
Honda,Jazz,2010,233650,Fair,Manual,Petrol,14331
Honda,Civic,2020,82282,Fair,CVT,Hybrid,62637
Honda,City,2018,89170,Fair,CVT,Petrol,32602
Honda,City,2023,36301,Like New,CVT,Petrol,70019
Honda,BR-V,2020,77006,Good,Automatic,Petrol,27869
Honda,BR-V,2025,15425,Good,CVT,Petrol,28325
Honda,Freed,2025,2000,Like New,CVT,Petrol,47957
Honda,Freed,2015,142191,Good,Manual,Petrol,13313
Honda,Jazz,2014,128839,Fair,Manual,Petrol,22039
Honda,Freed,2011,170156,Fair,CVT,Petrol,14170
Honda,CR-V,2012,194988,Fair,Manual,Petrol,47993
Honda,City,2018,108764,Fair,Manual,Petrol,23232
Honda,Civic,2025,22046,Excellent,Automatic,Petrol,74966
Honda,CR-V,2020,59951,Good,Automatic,Petrol,132778
Honda,CR-V,2020,51046,Fair,CVT,Petrol,87810
Honda,Civic,2025,11017,Excellent,CVT,Petrol,132704
Honda,BR-V,2014,140784,Fair,CVT,Petrol,22754
Honda,CR-V,2012,153155,Fair,Automatic,Petrol,79226
Honda,Freed,2022,31946,Good,CVT,Petrol,34188
Honda,Jazz,2019,63068,Poor,CVT,Petrol,28593
Honda,BR-V,2018,109977,Fair,Automatic,Petrol,16075
Honda,Jazz,2016,109805,Poor,CVT,Petrol,22254
Honda,BR-V,2023,29639,Good,CVT,Petrol,41593
Honda,CR-V,2022,56010,Excellent,CVT,Petrol,73439
Honda,BR-V,2024,5188,Good,Manual,Petrol,29081
Honda,BR-V,2013,197518,Fair,Manual,Petrol,12513
Honda,HR-V,2022,45269,Excellent,CVT,Petrol,60976
Honda,Freed,2022,32510,Like New,Manual,Petrol,27306
Honda,City,2013,156019,Poor,Automatic,Petrol,22722
Honda,HR-V,2011,175093,Fair,Manual,Petrol,39486
Honda,BR-V,2017,121809,Good,CVT,Petrol,23685
Honda,Civic,2012,188827,Fair,Manual,Petrol,32869
Honda,Civic,2012,191762,Poor,Automatic,Petrol,26977
Honda,Freed,2017,94966,Fair,CVT,Petrol,13381
Honda,City,2021,57050,Like New,Automatic,Petrol,43520
Honda,Freed,2019,93798,Good,CVT,Petrol,22721
Honda,Accord,2016,134543,Fair,Automatic,Petrol,52537
Honda,Civic,2020,66874,Like New,CVT,Petrol,79284
Honda,Civic,2019,88293,Fair,CVT,Petrol,56928
Honda,Jazz,2025,12145,Excellent,Automatic,Petrol,32523
Honda,CR-V,2015,146809,Excellent,CVT,Petrol,58232
Honda,Accord,2018,106447,Good,CVT,Petrol,29795
Honda,City,2010,241449,Fair,Automatic,Petrol,12796
Honda,BR-V,2023,21106,Excellent,CVT,Petrol,27200
Honda,Freed,2018,97851,Excellent,CVT,Petrol,31390
Honda,Jazz,2023,40021,Like New,Automatic,Petrol,31589
Honda,Freed,2020,84908,Fair,Automatic,Petrol,27948
Honda,Jazz,2024,8047,New,Automatic,Petrol,32837
Honda,BR-V,2025,2000,New,Manual,Petrol,30924
Honda,CR-V,2018,99278,Fair,Manual,Petrol,86151
Honda,CR-V,2010,204815,Good,Automatic,Petrol,43438
Honda,Accord,2013,168886,Poor,CVT,Petrol,33411
Honda,BR-V,2018,85305,Excellent,Automatic,Petrol,37158
Honda,BR-V,2010,198650,Poor,Manual,Petrol,10398
Honda,Accord,2025,2000,New,Automatic,Petrol,154562
Honda,Freed,2016,117947,Fair,Automatic,Petrol,14395
Honda,HR-V,2022,45892,Excellent,CVT,Petrol,114929
Honda,BR-V,2021,43023,Excellent,CVT,Petrol,31773
Honda,Civic,2017,122609,Good,Manual,Petrol,50465
Honda,HR-V,2023,39664,Excellent,Automatic,Petrol,110904
Honda,CR-V,2010,189065,Fair,Manual,Petrol,51899
Honda,HR-V,2020,73771,Excellent,CVT,Hybrid,91836
Honda,BR-V,2016,104267,Poor,CVT,Petrol,12186
Honda,HR-V,2014,149901,Fair,Automatic,Petrol,56176
Honda,HR-V,2010,203334,Fair,CVT,Petrol,43467
Honda,Civic,2017,99926,Good,Manual,Petrol,45122
Honda,Freed,2020,83595,Fair,CVT,Petrol,28221
Honda,Freed,2012,184163,Poor,Automatic,Petrol,11732
Honda,Jazz,2014,149447,Fair,CVT,Petrol,13637
Honda,CR-V,2023,22443,Good,CVT,Petrol,83538
Honda,Accord,2020,56554,Excellent,CVT,Petrol,81256
Honda,BR-V,2017,128571,Fair,CVT,Petrol,22195
Honda,Civic,2012,184036,Good,Manual,Petrol,57121
Honda,Accord,2020,69505,Like New,CVT,Petrol,86723
Honda,Accord,2022,53709,Fair,CVT,Petrol,50450
Honda,Jazz,2022,49423,Good,Automatic,Petrol,21595
Honda,Freed,2013,186275,Fair,Automatic,Petrol,10246
Honda,CR-V,2021,59191,Excellent,CVT,Hybrid,146162
Honda,Civic,2025,2000,New,CVT,Hybrid,147143
Honda,Civic,2025,2000,Like New,CVT,Petrol,79923
Honda,City,2017,96995,Good,CVT,Petrol,46566
Honda,Freed,2025,2000,New,Automatic,Petrol,31534
Honda,Civic,2024,2000,Excellent,CVT,Petrol,113287
Honda,Freed,2015,152658,Fair,Automatic,Petrol,13073
Honda,CR-V,2013,158723,Good,Manual,Petrol,96137
Honda,Freed,2021,50819,Fair,Manual,Petrol,18547
Honda,Civic,2016,108257,Fair,Automatic,Petrol,45615
Honda,CR-V,2021,73415,Like New,Automatic,Petrol,164183
Honda,Freed,2020,93822,Like New,CVT,Petrol,25610
Honda,CR-V,2017,144436,Good,CVT,Petrol,97082
Honda,City,2011,189405,Fair,Manual,Petrol,17425
Honda,City,2011,181704,Fair,Automatic,Petrol,23492
Honda,Accord,2014,152130,Fair,Automatic,Petrol,30893
Honda,HR-V,2020,71351,Excellent,Automatic,Petrol,87768
Honda,BR-V,2018,102329,Good,CVT,Petrol,24740
Honda,HR-V,2025,15425,New,Automatic,Hybrid,140000
Honda,BR-V,2022,37879,Excellent,CVT,Petrol,33855
Honda,Freed,2019,71151,Excellent,CVT,Petrol,28791
Honda,Jazz,2011,206088,Fair,Manual,Petrol,14129
Honda,City,2025,2000,New,Automatic,Petrol,32721
Honda,BR-V,2019,81383,Poor,CVT,Petrol,13945
Honda,City,2024,2000,Excellent,CVT,Petrol,77436
Honda,BR-V,2016,123666,Fair,Automatic,Petrol,24484
Honda,Accord,2025,5025,Excellent,CVT,Petrol,137665
Honda,Accord,2021,40921,Fair,Automatic,Petrol,35093
Honda,Civic,2019,77792,Good,CVT,Petrol,102270
Honda,City,2024,4399,New,CVT,Petrol,43358
Honda,Jazz,2023,42649,Excellent,CVT,Petrol,52816
Honda,Freed,2016,130112,Fair,CVT,Petrol,14987
Honda,Freed,2011,193938,Poor,Manual,Petrol,9057
Honda,Jazz,2014,153180,Fair,CVT,Petrol,13837
Honda,Freed,2015,139731,Good,Automatic,Petrol,17655
Honda,HR-V,2020,48150,Fair,Automatic,Petrol,53054
Honda,City,2015,133543,Fair,Automatic,Petrol,35109
Honda,Freed,2022,42214,Good,Automatic,Petrol,30805
Honda,CR-V,2022,26587,Fair,Manual,Petrol,131744
Honda,Civic,2025,18548,Excellent,Automatic,Petrol,63154
Honda,BR-V,2016,125657,Good,CVT,Petrol,27250
Honda,Freed,2021,57506,Fair,CVT,Petrol,18329
Honda,City,2021,58785,Good,CVT,Hybrid,24891
Honda,HR-V,2020,61179,Excellent,CVT,Petrol,93939
Honda,Freed,2016,132832,Good,CVT,Petrol,15152
Honda,Jazz,2016,134314,Fair,CVT,Petrol,19942
Honda,Accord,2022,58683,Good,Automatic,Petrol,102085
Honda,City,2024,5485,New,Automatic,Petrol,62265
Honda,Accord,2022,41760,Good,Manual,Petrol,58179
Honda,Civic,2023,43808,Good,CVT,Petrol,101611
Honda,CR-V,2024,2000,Good,CVT,Petrol,144680
Honda,CR-V,2024,2000,New,Automatic,Petrol,82080
Honda,Jazz,2014,160033,Fair,CVT,Petrol,11199
Honda,Civic,2013,167106,Good,Automatic,Petrol,68660
Honda,HR-V,2025,2000,Excellent,Automatic,Petrol,79949
Honda,BR-V,2020,73236,Good,CVT,Petrol,27262
Honda,HR-V,2019,79661,Poor,CVT,Petrol,44327
Honda,Civic,2015,158009,Good,Automatic,Petrol,43074
Honda,BR-V,2017,109432,Excellent,Manual,Petrol,27318
Honda,HR-V,2021,54123,Excellent,Automatic,Petrol,104574
Honda,City,2024,28383,Like New,Automatic,Petrol,43867
Honda,City,2023,20233,Good,Automatic,Petrol,31683
Honda,Freed,2018,103736,Poor,CVT,Petrol,13961
Honda,City,2025,11584,Good,CVT,Petrol,49420
Honda,Civic,2011,186609,Poor,Manual,Petrol,23338
Honda,CR-V,2022,50180,Good,Automatic,Petrol,165903
Honda,Civic,2019,73546,Excellent,Automatic,Petrol,96429
Honda,Accord,2016,115099,Good,CVT,Petrol,35958
Honda,HR-V,2023,23935,Like New,Automatic,Petrol,121302
Honda,Civic,2023,38543,Like New,Automatic,Petrol,67805
Honda,Accord,2025,2000,Like New,CVT,Petrol,69553
Honda,Freed,2023,27376,Good,Automatic,Petrol,25915
Honda,Freed,2014,141902,Fair,Manual,Petrol,13990
Honda,BR-V,2025,2000,New,CVT,Petrol,60000
Honda,Freed,2025,2000,New,CVT,Petrol,39919
Honda,CR-V,2018,83124,Fair,CVT,Petrol,82116
Honda,BR-V,2017,104783,Good,Manual,Petrol,26517
Honda,Accord,2025,2000,New,Automatic,Petrol,112639
Honda,City,2010,207256,Fair,Automatic,Petrol,18461
Honda,Freed,2025,2000,Excellent,CVT,Petrol,22772
Honda,HR-V,2024,13007,New,Manual,Petrol,121988
Honda,BR-V,2018,103067,Fair,Manual,Petrol,20269
Honda,Civic,2014,159995,Fair,CVT,Petrol,56093
Honda,Jazz,2024,15916,New,Automatic,Petrol,42293
Honda,Civic,2020,63029,Excellent,Automatic,Petrol,80885
Honda,Civic,2022,58630,Good,Automatic,Petrol,67082
Honda,Jazz,2016,111885,Good,CVT,Petrol,39646
Honda,Freed,2021,42341,Fair,Automatic,Petrol,22260
Honda,HR-V,2025,14120,Excellent,Automatic,Hybrid,61741
Honda,BR-V,2024,8516,New,Manual,Petrol,51244
Honda,BR-V,2021,55855,Excellent,CVT,Petrol,35969
Honda,Freed,2022,36356,Excellent,CVT,Petrol,22386
Honda,Accord,2021,55659,Good,CVT,Petrol,96903
Honda,Accord,2022,30527,Excellent,Automatic,Petrol,122549
Honda,BR-V,2013,189237,Fair,Automatic,Petrol,14170
Honda,Accord,2016,103503,Good,Automatic,Petrol,89895
Honda,Freed,2018,91048,Fair,CVT,Petrol,27677
Honda,City,2010,191626,Fair,CVT,Petrol,18497
Honda,BR-V,2019,76926,Good,Automatic,Petrol,31494
Honda,CR-V,2024,2000,New,CVT,Hybrid,220000
Honda,BR-V,2015,141933,Poor,Automatic,Petrol,17801
Honda,Accord,2020,50791,Like New,CVT,Petrol,49571
Honda,Freed,2024,15457,Like New,Manual,Petrol,26454
Honda,BR-V,2023,14622,Good,Automatic,Petrol,45365
Honda,BR-V,2021,63310,Fair,CVT,Petrol,19809
Honda,Accord,2013,161270,Good,Manual,Petrol,55999
Honda,Jazz,2024,9930,Good,Automatic,Petrol,21334
Honda,Freed,2018,83870,Good,Manual,Petrol,25600
Honda,Accord,2012,167066,Fair,Manual,Petrol,53648
Honda,Freed,2021,58074,Fair,CVT,Petrol,24639
Honda,BR-V,2021,30593,Excellent,Automatic,Petrol,41145
Honda,City,2019,81318,Excellent,CVT,Petrol,36099
Honda,Jazz,2015,147686,Good,Automatic,Petrol,15233
Honda,Accord,2013,161707,Poor,Manual,Petrol,32083
Honda,Accord,2015,122642,Good,CVT,Petrol,67357
Honda,Jazz,2020,67116,Excellent,CVT,Petrol,32775
Honda,Accord,2022,23124,Good,CVT,Hybrid,70800
Honda,Accord,2020,69327,Excellent,Automatic,Petrol,91247
Honda,HR-V,2018,101074,Poor,Automatic,Petrol,30893
Honda,Jazz,2011,212804,Fair,Manual,Petrol,16838
Honda,Jazz,2019,79058,Poor,CVT,Petrol,14906
Honda,Accord,2019,79323,Excellent,CVT,Petrol,68688
Honda,Accord,2010,207654,Good,Automatic,Petrol,47949
Honda,Accord,2022,29980,Good,Automatic,Petrol,121281
Honda,CR-V,2012,174365,Fair,Automatic,Petrol,45336
Honda,Freed,2010,234728,Poor,Automatic,Petrol,7869
Honda,Accord,2017,102007,Fair,Automatic,Petrol,45871
Honda,Accord,2019,59464,Fair,CVT,Petrol,82101
Honda,Accord,2016,125604,Poor,Manual,Petrol,45696
Honda,BR-V,2023,31447,Excellent,Automatic,Petrol,51426
Honda,BR-V,2010,189489,Good,Manual,Petrol,15922
Honda,Accord,2018,102809,Good,CVT,Petrol,49628
Honda,Freed,2015,155598,Fair,Automatic,Petrol,15693
Honda,Freed,2021,59990,Fair,CVT,Petrol,18136
Honda,BR-V,2022,46953,Good,Automatic,Petrol,34372
Honda,Freed,2015,143270,Good,CVT,Petrol,25039
Honda,HR-V,2012,189793,Poor,Manual,Petrol,27805
Honda,Jazz,2022,41411,Good,CVT,Petrol,44099
Honda,CR-V,2013,153210,Fair,Automatic,Petrol,60339
Honda,Freed,2013,147210,Poor,CVT,Petrol,8172
Honda,Jazz,2018,111888,Excellent,Automatic,Petrol,23000
Honda,Jazz,2022,40560,Excellent,CVT,Petrol,36682
Honda,Jazz,2017,100651,Fair,Automatic,Petrol,32769
Honda,CR-V,2023,42655,Like New,Automatic,Petrol,133525
Honda,Accord,2024,29504,Excellent,CVT,Petrol,96745
Honda,BR-V,2013,156886,Fair,Automatic,Petrol,20246
Honda,CR-V,2024,10588,Like New,Automatic,Petrol,157757
Honda,Jazz,2015,139165,Good,CVT,Petrol,17991
Honda,CR-V,2025,9546,Like New,CVT,Petrol,149211
Honda,Jazz,2024,27627,New,Automatic,Petrol,38189
Honda,CR-V,2016,129360,Good,Automatic,Petrol,48468
Honda,BR-V,2024,47220,Like New,Automatic,Petrol,48002
Honda,Jazz,2021,62703,Excellent,Automatic,Petrol,48049
Honda,Freed,2018,96688,Good,Automatic,Petrol,24726
Honda,Accord,2022,40933,Excellent,CVT,Petrol,131219
Honda,City,2015,126896,Poor,CVT,Petrol,16566
Honda,Freed,2023,18642,Like New,Manual,Petrol,31963
Honda,Civic,2015,135417,Good,Automatic,Petrol,75417
Honda,CR-V,2021,37756,Like New,Automatic,Petrol,160746
Honda,Jazz,2023,26445,Good,Automatic,Petrol,19706
Honda,Accord,2019,74611,Good,CVT,Petrol,88735
Honda,Jazz,2024,2589,New,Automatic,Petrol,61184
Honda,HR-V,2024,2000,Good,CVT,Hybrid,94462
Honda,BR-V,2020,56096,Good,Automatic,Petrol,23854
Honda,BR-V,2012,186546,Fair,Automatic,Petrol,12908
Honda,Accord,2012,192514,Poor,CVT,Petrol,33149
Honda,HR-V,2011,186738,Poor,Automatic,Petrol,19453
Honda,BR-V,2013,147752,Good,CVT,Petrol,26771
Honda,CR-V,2013,168820,Good,Automatic,Petrol,70937
Honda,Civic,2012,194061,Poor,Automatic,Petrol,31423
Honda,City,2014,158065,Poor,Automatic,Petrol,11244
Honda,HR-V,2015,126804,Poor,CVT,Petrol,36683
Honda,HR-V,2019,96942,Good,CVT,Petrol,65237
Honda,City,2018,71457,Excellent,Automatic,Petrol,44045
Honda,HR-V,2015,120237,Good,Automatic,Petrol,77461
Honda,Freed,2014,160030,Fair,Automatic,Petrol,14290
Honda,CR-V,2023,8317,Excellent,CVT,Petrol,121940
Honda,CR-V,2015,141816,Fair,Automatic,Petrol,63153
Honda,Freed,2021,49841,Good,Automatic,Petrol,20178
Honda,Jazz,2019,72412,Good,Automatic,Petrol,49653
Honda,Freed,2021,50930,Excellent,CVT,Petrol,40700
Honda,Jazz,2025,2000,Like New,Automatic,Petrol,41121
Honda,Freed,2010,209218,Poor,Manual,Petrol,9053
Honda,HR-V,2016,118739,Excellent,Manual,Petrol,81720
Honda,BR-V,2017,118061,Fair,Automatic,Petrol,24040
Honda,Jazz,2017,116170,Fair,CVT,Petrol,29227
Honda,Jazz,2014,152722,Poor,Automatic,Petrol,12223
Honda,Civic,2020,49967,Good,Automatic,Petrol,77942
Honda,HR-V,2011,183298,Poor,Automatic,Petrol,19593
Honda,Freed,2024,12059,Good,CVT,Petrol,34888
Honda,BR-V,2022,37628,Excellent,CVT,Petrol,27595
Honda,City,2017,129035,Fair,CVT,Petrol,29934
Honda,Jazz,2011,207178,Poor,Automatic,Petrol,7830
Honda,CR-V,2021,39680,Good,CVT,Petrol,135643
Honda,CR-V,2017,122189,Good,CVT,Petrol,78463
Honda,HR-V,2010,194683,Fair,CVT,Petrol,28642
Honda,HR-V,2016,103349,Good,CVT,Petrol,50070
Honda,Civic,2010,208429,Poor,Manual,Petrol,24509
Honda,Civic,2019,77522,Excellent,CVT,Petrol,61147
Honda,CR-V,2018,104845,Excellent,CVT,Petrol,133224
Honda,Civic,2016,116726,Good,Manual,Petrol,62363
Honda,CR-V,2020,69966,Excellent,Automatic,Petrol,109493
Honda,Civic,2022,44032,Like New,CVT,Petrol,84884
Honda,BR-V,2012,191455,Fair,CVT,Petrol,17938
Honda,Freed,2021,66345,Good,CVT,Petrol,31041
Honda,City,2025,2000,Like New,Automatic,Petrol,50511
Honda,City,2022,28675,Good,CVT,Petrol,52269
Honda,City,2016,136363,Good,Automatic,Petrol,45581
Honda,BR-V,2021,52123,Good,CVT,Petrol,28867
Honda,City,2025,5250,Good,Automatic,Petrol,36077
Honda,Jazz,2024,21663,Excellent,CVT,Petrol,21780
Honda,BR-V,2021,57111,Excellent,CVT,Petrol,45398
Honda,CR-V,2022,52895,Excellent,CVT,Petrol,116741
Honda,CR-V,2013,176436,Fair,CVT,Petrol,53554
Honda,Accord,2011,190808,Poor,Automatic,Petrol,18358
Honda,Jazz,2018,102160,Good,Manual,Petrol,31687
Honda,CR-V,2017,102273,Fair,Manual,Petrol,96923
Honda,Accord,2014,175394,Fair,Automatic,Petrol,29889
Honda,Jazz,2012,196156,Poor,Manual,Petrol,12669
Honda,Freed,2025,17021,Like New,Automatic,Petrol,37370
Honda,Civic,2017,87555,Fair,Manual,Petrol,60230
Honda,Freed,2025,12303,New,Automatic,Petrol,31606
Honda,Civic,2010,192974,Fair,CVT,Petrol,35414
Honda,CR-V,2017,109980,Fair,Automatic,Petrol,53962
Honda,CR-V,2019,81162,Good,CVT,Petrol,118435
Honda,City,2014,170018,Good,CVT,Petrol,32528
Honda,City,2011,190561,Poor,CVT,Petrol,11431
Honda,Civic,2011,183621,Poor,Automatic,Petrol,27449
Honda,HR-V,2018,82294,Excellent,CVT,Petrol,50428
Honda,Civic,2012,188600,Good,Automatic,Petrol,54921
Honda,HR-V,2021,65056,Excellent,CVT,Petrol,67573
Honda,CR-V,2010,208176,Fair,Manual,Petrol,47856
Honda,HR-V,2012,181654,Good,Manual,Petrol,53943
Honda,City,2019,77415,Good,CVT,Petrol,35701
Honda,Freed,2018,105848,Good,CVT,Petrol,19360
Honda,Jazz,2011,208096,Fair,Automatic,Petrol,14389
Honda,BR-V,2011,213961,Fair,Manual,Petrol,11551
Honda,City,2024,10498,Good,CVT,Hybrid,28192
Honda,BR-V,2024,9143,Like New,Automatic,Petrol,35541
Honda,CR-V,2015,140377,Fair,CVT,Petrol,48853
Honda,Accord,2018,97730,Fair,CVT,Petrol,66852
Honda,Freed,2025,8779,New,CVT,Petrol,25133
Honda,Accord,2010,223934,Fair,Automatic,Petrol,30534
Honda,City,2014,163484,Poor,CVT,Petrol,11281
Honda,Freed,2023,25906,Good,Automatic,Petrol,28921
Honda,HR-V,2012,185878,Fair,Automatic,Petrol,43603
Honda,Freed,2012,182219,Poor,Manual,Petrol,11081
Honda,City,2014,168359,Fair,Manual,Petrol,27504
Honda,HR-V,2014,145628,Good,Automatic,Petrol,64441
Honda,Civic,2010,211672,Poor,Automatic,Petrol,25920
Honda,Civic,2021,14230,Good,CVT,Petrol,90581
Honda,BR-V,2024,16682,Good,Automatic,Petrol,40683
Honda,Jazz,2025,5055,New,CVT,Petrol,50068
Honda,City,2025,2000,Like New,CVT,Petrol,68142
Honda,Jazz,2017,106151,Good,CVT,Petrol,20657
Honda,BR-V,2019,97460,Fair,Automatic,Petrol,27512
Honda,Freed,2023,20449,Excellent,Automatic,Petrol,29964
Honda,Freed,2024,2000,New,CVT,Petrol,37384
Honda,CR-V,2019,96995,Fair,Automatic,Petrol,76691
Honda,Jazz,2014,159407,Fair,Automatic,Petrol,12172
Honda,Accord,2022,39266,Good,Automatic,Petrol,76247
Honda,CR-V,2012,195499,Poor,Manual,Petrol,27069
Honda,CR-V,2017,102681,Good,Automatic,Petrol,125366
Honda,Accord,2021,66696,Excellent,CVT,Hybrid,38773
Honda,Freed,2020,91129,Excellent,Automatic,Petrol,21639
Honda,BR-V,2012,185330,Good,Manual,Petrol,15522
Honda,CR-V,2023,39950,Good,CVT,Petrol,146309
Honda,Civic,2025,18266,New,CVT,Petrol,130081
Honda,Civic,2010,208510,Poor,CVT,Petrol,32547
Honda,HR-V,2023,18885,Good,Automatic,Hybrid,88283
Honda,Jazz,2014,149421,Fair,CVT,Petrol,11480
Honda,Accord,2019,87819,Fair,CVT,Petrol,40638
Honda,Accord,2014,134593,Poor,Manual,Petrol,19040
Honda,Freed,2023,16339,Excellent,CVT,Petrol,35861
Honda,Accord,2019,85205,Excellent,Automatic,Petrol,93587
Honda,Civic,2016,118241,Excellent,CVT,Petrol,74709
Honda,Accord,2019,82515,Good,CVT,Petrol,65358
Honda,HR-V,2021,75964,Good,CVT,Petrol,90025
Honda,Jazz,2020,85388,Excellent,CVT,Petrol,42675
Honda,Accord,2025,2767,Excellent,Automatic,Petrol,111614
Honda,HR-V,2019,89915,Good,CVT,Petrol,49503
Honda,Civic,2021,62481,Good,Automatic,Hybrid,96458
Honda,Civic,2020,69570,Good,Automatic,Hybrid,64855
Honda,City,2024,20157,Excellent,CVT,Hybrid,80713
Honda,Jazz,2016,116187,Fair,CVT,Petrol,17391
Honda,City,2023,23751,Like New,Automatic,Petrol,54892
Honda,Accord,2012,187688,Fair,Manual,Petrol,27310
Honda,Civic,2015,147745,Fair,Manual,Petrol,60373
Honda,HR-V,2010,205858,Fair,Automatic,Petrol,29875
Honda,Civic,2015,116974,Good,Manual,Petrol,67364
Honda,Jazz,2020,77883,Good,CVT,Petrol,26668
Honda,Freed,2025,2000,Like New,CVT,Petrol,27502
Honda,BR-V,2022,65688,Fair,Automatic,Petrol,32158
Honda,CR-V,2021,67487,Good,CVT,Petrol,103397
Honda,BR-V,2012,181222,Fair,Manual,Petrol,12176
Honda,HR-V,2012,191502,Poor,Manual,Petrol,19983
Honda,Accord,2016,121586,Fair,Automatic,Petrol,41247
Honda,BR-V,2018,111698,Fair,CVT,Petrol,28813
Honda,Freed,2019,75402,Fair,CVT,Petrol,15817
Honda,Jazz,2016,124866,Fair,Automatic,Petrol,25601
Honda,Freed,2021,66543,Good,CVT,Petrol,23558
Honda,Jazz,2024,17460,New,Manual,Petrol,33247
Honda,HR-V,2022,37189,Excellent,Automatic,Petrol,68824
Honda,Civic,2021,52911,Fair,CVT,Petrol,60006
Honda,Freed,2016,117686,Fair,Automatic,Petrol,19443
Honda,HR-V,2013,147577,Fair,Automatic,Petrol,53895
Honda,Jazz,2024,28182,New,Automatic,Petrol,55358
Honda,Accord,2019,79087,Good,Automatic,Petrol,89093
Honda,BR-V,2011,191584,Good,Automatic,Petrol,18111
Honda,Jazz,2011,172982,Fair,CVT,Petrol,11228
Honda,CR-V,2011,197235,Fair,Automatic,Petrol,42057
Honda,City,2021,53672,Good,Automatic,Petrol,45632
Honda,BR-V,2021,69069,Fair,Automatic,Petrol,28831
Honda,HR-V,2016,141424,Fair,Automatic,Petrol,57090
Honda,Jazz,2024,27674,New,CVT,Petrol,69554
Honda,City,2024,39887,Excellent,CVT,Petrol,57733
Honda,Civic,2019,81691,Good,CVT,Petrol,101728
Honda,Accord,2016,115194,Good,Manual,Petrol,80188
Honda,City,2017,114102,Good,CVT,Petrol,46820
Honda,CR-V,2019,81263,Fair,CVT,Petrol,52790
Honda,City,2023,39373,Good,Automatic,Petrol,40018
Honda,HR-V,2016,128158,Excellent,Automatic,Petrol,77064
Honda,CR-V,2023,19007,Good,Automatic,Petrol,81879
Honda,City,2020,69768,Fair,CVT,Petrol,28849
Honda,HR-V,2019,79789,Good,CVT,Petrol,71031
Honda,Accord,2010,201730,Poor,CVT,Petrol,24801
Honda,BR-V,2024,15785,Like New,CVT,Petrol,43494
Honda,City,2017,125323,Good,Automatic,Petrol,24747
Honda,HR-V,2016,136163,Excellent,CVT,Petrol,83373
Honda,Accord,2011,203623,Fair,Manual,Petrol,41422
Honda,BR-V,2011,186882,Poor,Manual,Petrol,8745
Honda,Civic,2015,155789,Good,CVT,Petrol,52408
Honda,BR-V,2021,36120,Good,CVT,Petrol,48323
Honda,HR-V,2024,9930,New,CVT,Petrol,82347
Honda,CR-V,2016,134695,Good,Manual,Petrol,65754
Honda,Accord,2013,179260,Fair,Automatic,Petrol,47111
Honda,Civic,2021,66216,Good,Automatic,Petrol,71142
Honda,Accord,2019,84464,Good,CVT,Petrol,86879
Honda,City,2024,36814,Good,Automatic,Petrol,42668
Honda,CR-V,2025,19423,New,CVT,Petrol,205515
Honda,City,2013,136371,Poor,Automatic,Petrol,17532
Honda,Civic,2021,52773,Like New,CVT,Petrol,101048
Honda,BR-V,2020,66381,Good,CVT,Petrol,28928
Honda,CR-V,2016,118470,Excellent,CVT,Petrol,95066
Honda,BR-V,2023,50176,Fair,Automatic,Petrol,38512
Honda,CR-V,2024,2000,Like New,Automatic,Petrol,196017
Honda,CR-V,2018,80830,Good,Automatic,Petrol,61905
Honda,Accord,2011,180903,Poor,Automatic,Petrol,18429
Honda,HR-V,2013,168451,Poor,Automatic,Petrol,32890
Honda,Accord,2021,66971,Good,Automatic,Petrol,91353
Honda,CR-V,2018,106534,Excellent,Automatic,Petrol,89370
Mazda,CX-5,2023,28085,Good,Automatic,Petrol,124571
Mazda,Mazda 3,2019,92986,Good,Automatic,Petrol,25922
Mazda,CX-5,2021,71809,Good,Automatic,Petrol,97261
Mazda,Mazda 6,2023,44069,Excellent,CVT,Petrol,29813
Mazda,Mazda 6,2018,114184,Good,CVT,Petrol,88969
Mazda,CX-5,2015,162565,Fair,Automatic,Petrol,36315
Mazda,CX-5,2018,82507,Good,Automatic,Petrol,45308
Mazda,Mazda 6,2011,237934,Poor,Automatic,Petrol,14155
Mazda,Mazda 3,2012,206666,Fair,Automatic,Petrol,18271
Mazda,CX-9,2023,14443,Good,Automatic,Petrol,65546
Mazda,Mazda 3,2025,3000,Excellent,Automatic,Petrol,102785
Mazda,Mazda 6,2022,80303,Like New,Automatic,Petrol,75373
Mazda,CX-9,2019,115440,Excellent,Automatic,Petrol,155339
Mazda,Mazda 3,2018,112492,Poor,Automatic,Petrol,33208
Mazda,CX-5,2025,6077,Like New,Automatic,Petrol,78640
Mazda,CX-5,2023,61786,Excellent,Automatic,Petrol,95409
Mazda,CX-9,2016,139140,Good,Automatic,Petrol,95858
Mazda,Mazda 3,2021,67196,Good,Automatic,Petrol,42132
Mazda,CX-5,2013,198800,Fair,Automatic,Petrol,21726
Mazda,CX-9,2012,211957,Fair,Automatic,Petrol,46213
Mazda,CX-9,2018,113422,Good,CVT,Petrol,125536
Mazda,CX-9,2015,175470,Excellent,Automatic,Petrol,75124
Mazda,CX-3,2025,18747,New,Automatic,Petrol,117961
Mazda,CX-5,2020,103612,Like New,CVT,Petrol,76171
Mazda,Mazda 3,2020,75285,Fair,Automatic,Petrol,48594
Mazda,CX-9,2022,56155,Good,Automatic,Petrol,134605
Mazda,CX-9,2010,260940,Fair,Automatic,Petrol,32363
Mazda,CX-3,2021,54877,Good,Automatic,Petrol,73988
Mazda,Mazda 6,2016,170649,Fair,Automatic,Petrol,22716
Mazda,CX-5,2023,24669,Good,Automatic,Petrol,80122
Mazda,CX-9,2014,181502,Good,Automatic,Petrol,61639
Mazda,CX-5,2022,68091,Good,Automatic,Petrol,108279
Mazda,CX-9,2012,216603,Poor,Automatic,Petrol,29214
Mazda,Mazda 6,2023,64723,Excellent,Automatic,Petrol,103038
Mazda,Mazda 3,2010,252302,Poor,Automatic,Petrol,6613
Mazda,CX-5,2021,58631,Excellent,CVT,Petrol,62763
Mazda,CX-9,2016,127199,Poor,Automatic,Petrol,72987
Mazda,Mazda 3,2022,23183,Good,Automatic,Petrol,26664
Mazda,CX-3,2020,94518,Good,Automatic,Petrol,58967
Mazda,Mazda 3,2022,41891,Good,Automatic,Petrol,36510
Mazda,CX-5,2021,40799,Excellent,Automatic,Petrol,111278
Mazda,Mazda 3,2025,13544,New,Automatic,Petrol,85558
Mazda,CX-9,2023,26565,Good,Automatic,Petrol,179713
Mazda,Mazda 6,2013,211138,Poor,Automatic,Petrol,15806
Mazda,Mazda 3,2016,174907,Fair,Automatic,Petrol,38692
Mazda,Mazda 3,2017,135661,Good,Automatic,Petrol,40735
Mazda,Mazda 3,2013,160180,Fair,Automatic,Petrol,22155
Mazda,Mazda 3,2022,61663,Excellent,Automatic,Petrol,85483
Mazda,CX-9,2013,187968,Fair,Automatic,Petrol,27431
Mazda,Mazda 3,2021,61284,Excellent,CVT,Petrol,23424
Mazda,Mazda 3,2022,33112,Excellent,CVT,Petrol,49377
Mazda,Mazda 6,2024,10356,Good,Automatic,Petrol,89469
Mazda,Mazda 6,2017,136529,Good,Automatic,Petrol,31026
Mazda,CX-9,2015,141963,Good,Automatic,Petrol,120509
Mazda,Mazda 6,2019,105335,Good,Automatic,Petrol,40895
Mazda,Mazda 3,2011,255757,Good,Automatic,Petrol,8141
Mazda,Mazda 6,2020,84877,Good,Automatic,Petrol,50217
Mazda,Mazda 3,2012,231230,Good,Automatic,Petrol,19736
Mazda,CX-3,2019,92556,Good,Automatic,Petrol,45096
Mazda,Mazda 3,2016,123505,Poor,Automatic,Petrol,25834
Mazda,CX-9,2022,15517,Excellent,Automatic,Petrol,197629
Mazda,CX-3,2018,116358,Good,Automatic,Petrol,37504
Mazda,CX-5,2024,3000,New,Automatic,Petrol,107974
Mazda,CX-9,2019,111458,Good,CVT,Petrol,76440
Mazda,Mazda 3,2012,230167,Fair,Automatic,Petrol,16080
Mazda,Mazda 3,2018,95841,Excellent,CVT,Petrol,74513
Mazda,CX-9,2018,130736,Fair,CVT,Petrol,88147
Mazda,Mazda 3,2014,159361,Fair,Automatic,Petrol,14732
Mazda,CX-3,2021,57490,Good,Automatic,Petrol,59279
Mazda,CX-5,2015,155960,Fair,CVT,Petrol,41773
Mazda,CX-5,2020,74843,Excellent,CVT,Petrol,110853
Mazda,CX-5,2023,45824,Like New,CVT,Petrol,151018
Mazda,CX-3,2013,185230,Good,Manual,Petrol,31130
Mazda,CX-3,2020,82364,Excellent,Automatic,Petrol,94413
Mazda,CX-5,2019,88480,Good,CVT,Petrol,61337
Mazda,CX-5,2010,247121,Fair,Automatic,Petrol,24153
Mazda,CX-3,2015,141642,Poor,Automatic,Petrol,15833
Mazda,Mazda 3,2022,50804,Fair,Automatic,Petrol,31337
Mazda,CX-9,2024,3000,Like New,Automatic,Petrol,203062
Mazda,CX-9,2010,238959,Poor,Automatic,Petrol,32851
Mazda,Mazda 6,2021,78485,Good,Automatic,Petrol,24872
Mazda,Mazda 3,2023,19469,Good,Automatic,Petrol,28514
Mazda,CX-9,2018,98105,Excellent,CVT,Petrol,126494
Mazda,Mazda 6,2015,126612,Excellent,Automatic,Petrol,67893
Mazda,CX-5,2021,90344,Good,Automatic,Petrol,52129
Mazda,Mazda 3,2011,216233,Poor,Manual,Petrol,11222
Mazda,Mazda 6,2013,202602,Poor,Automatic,Petrol,24430
Mazda,CX-9,2024,24596,New,Automatic,Petrol,152535
Mazda,CX-5,2023,41764,Excellent,CVT,Petrol,106252
Mazda,CX-3,2016,149338,Good,Automatic,Petrol,33956
Mazda,CX-5,2015,159665,Good,Automatic,Petrol,57451
Mazda,CX-9,2010,256624,Poor,Automatic,Petrol,34890
Mazda,CX-5,2021,54943,Excellent,Automatic,Petrol,66841
Mazda,CX-5,2014,198308,Fair,Automatic,Petrol,48655
Mazda,CX-9,2022,37611,Excellent,Automatic,Petrol,137475
Mazda,CX-5,2024,3962,Excellent,Automatic,Petrol,109053
Mazda,Mazda 3,2014,170070,Poor,Automatic,Petrol,23180
Mazda,Mazda 3,2022,46399,Good,Automatic,Petrol,58917
Mazda,CX-9,2025,15630,New,Automatic,Petrol,100672
Mazda,Mazda 3,2016,130745,Good,CVT,Petrol,22570
Mazda,CX-3,2025,13385,New,CVT,Petrol,106864
Mazda,CX-9,2011,254527,Fair,Automatic,Petrol,44602
Mazda,Mazda 3,2017,115673,Poor,Automatic,Petrol,19831
Mazda,CX-5,2014,172643,Fair,Automatic,Petrol,26207
Mazda,CX-5,2020,73253,Like New,Automatic,Petrol,123710
Mazda,Mazda 3,2012,208414,Fair,Automatic,Petrol,14083
Mazda,CX-5,2024,9330,Excellent,Automatic,Petrol,149752
Mazda,CX-3,2019,89025,Good,Automatic,Petrol,57592
Mazda,CX-5,2013,190218,Fair,Automatic,Petrol,34191
Mazda,Mazda 6,2022,69613,Good,CVT,Petrol,49182
Mazda,Mazda 6,2019,74787,Good,Automatic,Petrol,49625
Mazda,CX-9,2016,131723,Good,Automatic,Petrol,87176
Mazda,CX-5,2013,180278,Good,Automatic,Petrol,48285
Mazda,Mazda 3,2021,60116,Good,Automatic,Petrol,68959
Mazda,CX-9,2014,169147,Good,Automatic,Petrol,54909
Mazda,CX-3,2015,182733,Good,CVT,Petrol,27798
Mazda,CX-3,2024,30457,New,Automatic,Petrol,87570
Mazda,CX-3,2016,149356,Good,Automatic,Petrol,46067
Mazda,Mazda 6,2015,163571,Fair,Automatic,Petrol,40529
Mazda,Mazda 3,2016,154194,Good,Automatic,Petrol,46679
Mazda,CX-3,2025,3000,Like New,CVT,Petrol,107080
Mazda,Mazda 6,2021,85272,Good,CVT,Petrol,51861
Mazda,CX-5,2021,85741,Like New,Automatic,Petrol,72361
Mazda,Mazda 6,2022,39441,Good,Automatic,Petrol,71183
Mazda,CX-3,2025,3000,Like New,CVT,Petrol,76384
Mazda,CX-3,2024,18563,Like New,Automatic,Petrol,114338
Mazda,CX-9,2020,45141,Fair,Automatic,Petrol,107803
Mazda,CX-3,2025,12157,New,CVT,Petrol,129175
Mazda,Mazda 6,2018,116933,Good,CVT,Petrol,43126
Mazda,CX-5,2025,17074,Like New,CVT,Petrol,126977
Mazda,Mazda 3,2022,47454,Excellent,CVT,Petrol,78051
Mazda,Mazda 6,2015,148462,Fair,Automatic,Petrol,47297
Mazda,CX-9,2021,78814,Fair,Automatic,Petrol,62796
Mazda,CX-3,2019,100712,Good,Automatic,Petrol,36539
Mazda,Mazda 6,2012,211371,Poor,Automatic,Petrol,9136
Mazda,Mazda 3,2014,179681,Fair,CVT,Petrol,15393
Mazda,Mazda 6,2025,3000,New,Automatic,Petrol,46058
Mazda,Mazda 3,2015,189131,Good,Automatic,Petrol,39683
Mazda,Mazda 3,2021,41335,Excellent,CVT,Petrol,29101
Mazda,CX-3,2023,43303,Good,Automatic,Petrol,47510
Mazda,Mazda 3,2023,22699,Excellent,Automatic,Petrol,43826
Mazda,CX-3,2025,3000,Excellent,CVT,Petrol,67048
Mazda,CX-9,2022,52426,Good,CVT,Petrol,146917
Mazda,Mazda 3,2022,45842,Excellent,Automatic,Petrol,29053
Mazda,CX-3,2020,67203,Excellent,CVT,Petrol,43625
Mazda,CX-3,2018,93616,Good,Automatic,Petrol,34680
Mazda,Mazda 3,2021,55764,Excellent,CVT,Petrol,42017
Mazda,CX-3,2017,134348,Good,Automatic,Petrol,48323
Mazda,CX-3,2023,33610,Good,Automatic,Petrol,67160
Mazda,CX-9,2023,51027,Like New,CVT,Petrol,140840
Mazda,Mazda 3,2019,92102,Fair,CVT,Petrol,27912
Mazda,Mazda 6,2015,174604,Fair,CVT,Petrol,32049
Mazda,Mazda 3,2015,157441,Good,CVT,Petrol,18757
Mazda,Mazda 3,2012,208109,Poor,Automatic,Petrol,7727
Mazda,CX-9,2016,153125,Good,Automatic,Petrol,102079
Mazda,CX-5,2017,89300,Good,CVT,Petrol,74143
Mazda,Mazda 3,2022,47703,Excellent,CVT,Petrol,96252
Mazda,CX-3,2016,129897,Poor,CVT,Petrol,28364
Mazda,CX-9,2010,240699,Fair,Automatic,Petrol,51959
Mazda,Mazda 3,2022,34233,Fair,Automatic,Petrol,33722
Mazda,Mazda 6,2025,12457,New,Automatic,Petrol,116724
Mazda,CX-5,2011,257089,Poor,Manual,Petrol,25420
Mazda,CX-9,2020,48764,Like New,Automatic,Petrol,83655
Mazda,Mazda 3,2025,3000,Excellent,Automatic,Petrol,35550
Mazda,CX-9,2023,15742,Excellent,CVT,Petrol,108602
Mazda,CX-9,2014,160731,Fair,Automatic,Petrol,58266
Mazda,Mazda 3,2017,125918,Good,Automatic,Petrol,60543
Mazda,Mazda 3,2016,132871,Good,Automatic,Petrol,54674
Mazda,CX-9,2025,7088,Excellent,Automatic,Petrol,118337
Mazda,Mazda 6,2021,42111,Fair,Automatic,Petrol,69878
Mazda,Mazda 3,2016,149095,Good,CVT,Petrol,41356
Mazda,Mazda 6,2024,21234,Good,Automatic,Petrol,105182
Mazda,CX-9,2018,93866,Good,Automatic,Petrol,80575
Mazda,Mazda 6,2020,114189,Excellent,CVT,Petrol,76633
Mazda,Mazda 6,2019,76023,Good,Automatic,Petrol,53849
Mazda,Mazda 6,2022,43783,Good,Automatic,Petrol,54772
Mazda,CX-5,2010,241830,Fair,Automatic,Petrol,19021
Mazda,Mazda 6,2024,40222,Like New,CVT,Petrol,66278
Mazda,Mazda 6,2020,88215,Good,CVT,Petrol,93421
Mazda,CX-5,2014,162537,Fair,CVT,Petrol,51909
Mazda,CX-5,2016,168885,Fair,Automatic,Petrol,54250
Mazda,Mazda 6,2011,234606,Good,Manual,Petrol,19709
Mazda,CX-9,2022,73921,Fair,CVT,Petrol,80943
Mazda,CX-3,2020,62839,Good,Automatic,Petrol,49280
Mazda,CX-9,2023,9829,Good,Automatic,Petrol,74637
Mazda,Mazda 6,2018,80812,Fair,Automatic,Petrol,32373
Mazda,CX-5,2019,72908,Good,Automatic,Petrol,55959
Mazda,Mazda 3,2012,210854,Good,Automatic,Petrol,37657
Mazda,CX-3,2022,54491,Excellent,CVT,Petrol,88640
Mazda,Mazda 6,2025,12046,Like New,Automatic,Petrol,77378
Mazda,CX-9,2019,120400,Fair,Automatic,Petrol,107918
Mazda,CX-5,2024,3896,Like New,Automatic,Petrol,80454
Mazda,CX-9,2016,158794,Fair,CVT,Petrol,59667
Mazda,CX-3,2023,30027,Good,Automatic,Petrol,50505
Mazda,Mazda 6,2013,168799,Poor,Manual,Petrol,16853
Mazda,CX-3,2012,197579,Fair,Manual,Petrol,27653
Mazda,Mazda 6,2022,38789,Excellent,CVT,Petrol,94517
Mazda,Mazda 3,2017,110389,Good,Automatic,Petrol,19788
Mazda,Mazda 6,2025,3000,Good,Automatic,Petrol,51640
Mazda,CX-5,2020,104417,Good,CVT,Petrol,105131
Mazda,CX-9,2021,57731,Good,Automatic,Petrol,72203
Mazda,Mazda 3,2013,194729,Good,Automatic,Petrol,38089
Mazda,CX-3,2010,269262,Fair,Manual,Petrol,26148
Mazda,Mazda 6,2025,3000,Excellent,Automatic,Petrol,64025
Mazda,Mazda 6,2019,97154,Fair,Automatic,Petrol,50166
Mazda,Mazda 6,2021,44241,Excellent,CVT,Petrol,73250
Mazda,CX-3,2025,11675,Like New,CVT,Petrol,90852
Mazda,Mazda 3,2013,180332,Good,Automatic,Petrol,26146
Mazda,CX-9,2015,140972,Good,Automatic,Petrol,100862
Mazda,CX-5,2021,58031,Excellent,Automatic,Petrol,76524
Mazda,CX-3,2024,24759,Like New,Automatic,Petrol,117409
Mazda,Mazda 6,2016,142022,Fair,Automatic,Petrol,15148
Mazda,CX-5,2019,97372,Good,Automatic,Petrol,43712
Mazda,CX-3,2017,118484,Good,Automatic,Petrol,31213
Mazda,CX-3,2023,26473,Excellent,Automatic,Petrol,61063
Mazda,CX-5,2014,183153,Fair,Automatic,Petrol,49895
Mazda,CX-5,2024,23913,Excellent,Automatic,Petrol,112699
Mazda,CX-3,2019,71692,Excellent,Automatic,Petrol,81661
Mazda,CX-5,2011,250389,Fair,Manual,Petrol,35627
Mazda,CX-3,2010,242220,Fair,Automatic,Petrol,28470
Mazda,CX-5,2024,3000,New,Automatic,Petrol,61314
Mazda,CX-3,2017,126546,Good,CVT,Petrol,32808
Mazda,Mazda 3,2015,174832,Good,CVT,Petrol,40933
Mazda,Mazda 6,2011,219818,Fair,Automatic,Petrol,19507
Mazda,Mazda 6,2017,136031,Good,CVT,Petrol,23186
Mazda,CX-5,2018,99073,Fair,Automatic,Petrol,35926
Mazda,CX-3,2021,73290,Good,Automatic,Petrol,49786
Mazda,CX-9,2023,3000,Excellent,Automatic,Petrol,71555
Mazda,CX-3,2010,212712,Fair,Automatic,Petrol,26644
Mazda,Mazda 3,2021,70067,Excellent,Automatic,Petrol,76411
Mazda,Mazda 6,2020,82945,Good,Automatic,Petrol,39011
Mazda,Mazda 3,2022,20468,Excellent,Automatic,Petrol,63756
Mazda,CX-9,2012,201264,Good,Manual,Petrol,74193
Mazda,Mazda 3,2025,29298,Excellent,Automatic,Petrol,93228
Mazda,CX-5,2019,83525,Fair,Automatic,Petrol,36201
Mazda,CX-5,2010,262367,Fair,Manual,Petrol,23937
Mazda,CX-5,2016,135285,Poor,Automatic,Petrol,22860
Mazda,Mazda 6,2023,65217,Good,Automatic,Petrol,35061
Mazda,Mazda 6,2019,87112,Good,Automatic,Petrol,91631
Mazda,Mazda 6,2019,92141,Excellent,CVT,Petrol,71313
Mazda,CX-5,2020,53285,Excellent,Automatic,Petrol,111292
Mazda,Mazda 6,2024,8243,New,Automatic,Petrol,120495
Mazda,CX-9,2021,68005,Good,CVT,Petrol,125249
Mazda,Mazda 3,2022,44421,Good,Automatic,Petrol,42760
Mazda,CX-5,2013,188412,Fair,Automatic,Petrol,29535
Mazda,Mazda 6,2016,141080,Fair,Automatic,Petrol,24604
Mazda,Mazda 3,2019,96566,Fair,Automatic,Petrol,53864
Mazda,Mazda 3,2022,28571,Good,Automatic,Petrol,26154
Mazda,CX-5,2020,62564,Like New,Automatic,Petrol,55722
Mazda,Mazda 6,2019,73017,Good,Automatic,Petrol,24646
Mazda,CX-9,2013,212007,Good,Automatic,Petrol,39730
Mazda,CX-3,2022,58971,Good,CVT,Petrol,75672
Mazda,CX-9,2020,117035,Fair,Automatic,Petrol,96419
Mazda,Mazda 6,2023,41385,Good,Automatic,Petrol,61505
Mazda,CX-3,2020,70653,Good,Automatic,Petrol,84038
Mazda,CX-9,2020,87522,Fair,Automatic,Petrol,92874
Mazda,Mazda 6,2018,127547,Good,Automatic,Petrol,23739
Mazda,CX-5,2018,131291,Good,Automatic,Petrol,60226
Mazda,Mazda 6,2021,65532,Excellent,Automatic,Petrol,40535
Mazda,CX-9,2019,93374,Poor,Automatic,Petrol,32248
Mazda,CX-3,2016,141800,Poor,CVT,Petrol,26645
Mazda,Mazda 6,2017,142587,Good,Automatic,Petrol,21680
Mazda,CX-5,2017,154583,Fair,CVT,Petrol,34667
Mazda,Mazda 3,2016,171481,Fair,Automatic,Petrol,14907
Mazda,Mazda 6,2014,187591,Good,Automatic,Petrol,33936
Mazda,CX-3,2022,41145,Excellent,Automatic,Petrol,107123
Mazda,CX-9,2021,77577,Fair,Automatic,Petrol,111261
Mazda,Mazda 3,2012,172182,Good,Automatic,Petrol,11387
Mazda,CX-9,2019,107353,Fair,Automatic,Petrol,43906
Mazda,Mazda 6,2010,242428,Poor,Automatic,Petrol,16038
Mazda,Mazda 6,2025,21247,New,Automatic,Petrol,111859
Mazda,CX-3,2014,165121,Fair,Automatic,Petrol,29755
Mazda,CX-3,2015,169404,Fair,Automatic,Petrol,45145
Mazda,CX-5,2016,164170,Good,CVT,Petrol,34744
Mazda,CX-3,2021,53971,Excellent,Automatic,Petrol,97337
Mazda,CX-5,2020,71772,Good,CVT,Petrol,106617
Mazda,CX-5,2017,117545,Good,Automatic,Petrol,65888
Mazda,CX-5,2011,237199,Fair,Automatic,Petrol,34775
Mazda,CX-3,2014,183706,Poor,Automatic,Petrol,25889
Mazda,Mazda 6,2020,51809,Excellent,Automatic,Petrol,79689
Mazda,CX-5,2025,3000,Excellent,Automatic,Petrol,138287
Mazda,CX-3,2014,182694,Poor,CVT,Petrol,20925
Mazda,CX-9,2025,15859,New,Automatic,Petrol,138523
Mazda,CX-3,2021,46731,Good,Automatic,Petrol,44299
Mazda,Mazda 6,2023,8406,Good,CVT,Petrol,98481
Mazda,CX-9,2017,133526,Good,CVT,Petrol,121392
Mazda,CX-3,2011,210982,Good,Automatic,Petrol,38878
Mazda,CX-9,2019,99880,Poor,Automatic,Petrol,65553
Mazda,CX-5,2020,65840,Excellent,Automatic,Petrol,62103
Mazda,CX-3,2023,3000,Fair,Automatic,Petrol,43659
Mazda,CX-5,2024,11742,New,CVT,Petrol,141105
Mazda,CX-3,2011,235849,Good,Automatic,Petrol,28775
Mazda,CX-5,2020,90578,Good,Automatic,Petrol,87906
Mazda,CX-5,2017,143088,Fair,Automatic,Petrol,68083
Mazda,Mazda 6,2010,247781,Poor,Automatic,Petrol,9836
Mazda,Mazda 6,2012,214423,Good,Manual,Petrol,25342
Mazda,CX-5,2022,28742,Good,CVT,Petrol,66069
Mazda,CX-9,2013,209125,Poor,Automatic,Petrol,19648
Mazda,CX-9,2012,217046,Fair,Manual,Petrol,58628
Mazda,CX-9,2020,68395,Fair,Automatic,Petrol,121796
Mazda,CX-9,2022,56275,Excellent,Automatic,Petrol,164379
Mazda,CX-3,2019,92326,Fair,Automatic,Petrol,62032
Mazda,CX-5,2018,117662,Fair,CVT,Petrol,70445
Mazda,Mazda 6,2015,164844,Good,Automatic,Petrol,33929
Mazda,Mazda 6,2012,212488,Fair,Manual,Petrol,18042
Mazda,Mazda 6,2011,230098,Fair,Automatic,Petrol,13101
Mazda,CX-3,2021,70890,Good,CVT,Petrol,72916
Mazda,CX-3,2022,49809,Like New,Automatic,Petrol,78072
Mazda,Mazda 6,2018,99130,Excellent,Automatic,Petrol,68191
Mazda,Mazda 6,2020,85712,Fair,Automatic,Petrol,59744
Mazda,CX-5,2022,66411,Excellent,Automatic,Petrol,129742
Mazda,CX-3,2022,22387,Excellent,CVT,Petrol,45290
Mazda,CX-9,2016,147900,Good,CVT,Petrol,131828
Mazda,CX-5,2018,138497,Good,CVT,Petrol,79955
Mazda,Mazda 6,2015,170178,Good,CVT,Petrol,65843
Mazda,CX-3,2022,77345,Excellent,CVT,Petrol,49485
Mazda,CX-9,2016,130497,Poor,CVT,Petrol,36964
Mazda,Mazda 6,2022,33734,Good,Automatic,Petrol,73677
Mazda,CX-5,2017,153002,Fair,CVT,Petrol,41252
Mazda,CX-5,2019,103995,Good,CVT,Petrol,47247
Mazda,Mazda 6,2025,3000,New,Automatic,Petrol,54603
Mazda,CX-9,2025,6026,New,Automatic,Petrol,188899
Mazda,Mazda 3,2019,102720,Fair,Automatic,Petrol,40809
Mazda,CX-9,2025,20821,New,Automatic,Petrol,191976
Mazda,Mazda 3,2013,178715,Poor,Manual,Petrol,20261
Mazda,CX-3,2025,9392,New,Automatic,Petrol,120605
Mazda,Mazda 3,2020,100325,Excellent,Automatic,Petrol,54263
Mazda,CX-3,2024,27700,Like New,Automatic,Petrol,54548
Mazda,Mazda 6,2023,23385,Fair,Automatic,Petrol,80926
Mazda,CX-5,2024,3000,Like New,Automatic,Petrol,124991
Mazda,Mazda 6,2015,116452,Poor,Automatic,Petrol,10702
Mazda,Mazda 3,2010,248466,Good,Manual,Petrol,20205
Mazda,Mazda 3,2025,11245,Like New,Automatic,Petrol,100522
Mazda,Mazda 3,2022,51998,Excellent,CVT,Petrol,95218
Mazda,Mazda 6,2016,159013,Good,CVT,Petrol,26894
Mazda,Mazda 6,2022,51710,Fair,Automatic,Petrol,51559
Mazda,CX-5,2019,113673,Good,CVT,Petrol,59915
Mazda,CX-5,2021,87867,Excellent,CVT,Petrol,73072
Mazda,CX-3,2025,8946,Good,Automatic,Petrol,67308
Mazda,Mazda 3,2020,42268,Excellent,Automatic,Petrol,71230
Mazda,Mazda 3,2024,27561,New,Automatic,Petrol,86498
Mazda,CX-3,2019,108404,Good,Automatic,Petrol,55711
Mazda,CX-9,2014,198838,Fair,Automatic,Petrol,79558
Mazda,CX-5,2018,125422,Good,Automatic,Petrol,95990
Mazda,Mazda 6,2016,135555,Fair,Automatic,Petrol,55904
Mazda,Mazda 3,2017,130448,Fair,CVT,Petrol,38418
Mazda,CX-9,2013,171606,Fair,Automatic,Petrol,77857
Mazda,CX-9,2024,8369,Like New,Automatic,Petrol,150975
Mazda,CX-3,2020,85196,Excellent,Automatic,Petrol,60692
Mazda,CX-3,2024,21927,New,Automatic,Petrol,106429
Mazda,CX-3,2022,55272,Good,Automatic,Petrol,39926
Mazda,CX-9,2019,81797,Fair,CVT,Petrol,50817
Mazda,Mazda 3,2016,125813,Excellent,Automatic,Petrol,69057
Mazda,CX-3,2017,116109,Good,Automatic,Petrol,44301
Mazda,CX-9,2018,106635,Good,Automatic,Petrol,79061
Mazda,Mazda 6,2025,13100,Excellent,Automatic,Petrol,97518
Mazda,CX-3,2010,232287,Poor,Manual,Petrol,17807
Mazda,CX-9,2025,14318,Excellent,Automatic,Petrol,142249
Mazda,CX-3,2020,60801,Fair,CVT,Petrol,58155
Mazda,Mazda 6,2025,13207,New,Automatic,Petrol,75896
Mazda,Mazda 3,2025,12811,Excellent,Automatic,Petrol,57111
Mazda,CX-3,2024,20121,New,CVT,Petrol,100563
Mazda,CX-3,2022,37681,Good,Automatic,Petrol,85699
Mazda,Mazda 3,2011,226097,Good,Automatic,Petrol,32852
Mazda,Mazda 3,2022,49083,Excellent,Automatic,Petrol,89288
Mazda,Mazda 3,2025,3000,Excellent,Automatic,Petrol,46244
Mazda,CX-3,2025,9533,New,CVT,Petrol,105999
Mazda,CX-5,2023,18490,Good,Automatic,Petrol,68118
Mazda,CX-3,2020,80976,Fair,Automatic,Petrol,35225
Mazda,CX-9,2023,26775,Good,CVT,Petrol,135454
Mazda,Mazda 3,2014,189959,Poor,Automatic,Petrol,16633
Mazda,CX-9,2014,185534,Poor,CVT,Petrol,55436
Mazda,CX-3,2011,234628,Poor,Automatic,Petrol,19859
Mazda,CX-3,2025,3000,New,Automatic,Petrol,98732
Mazda,CX-3,2013,215262,Good,Manual,Petrol,48980
Mazda,Mazda 6,2024,37453,New,CVT,Petrol,106902
Mazda,CX-9,2015,205219,Fair,CVT,Petrol,31055
Mazda,Mazda 6,2025,35854,Like New,Automatic,Petrol,126984
Mazda,Mazda 3,2014,163593,Fair,Automatic,Petrol,9526
Mazda,Mazda 6,2010,229638,Fair,Manual,Petrol,25450
Mazda,Mazda 6,2024,30643,Like New,Automatic,Petrol,45213
Mazda,CX-9,2016,145568,Excellent,Automatic,Petrol,114384
Mazda,Mazda 3,2012,200296,Poor,Automatic,Petrol,7936
Mazda,CX-5,2019,52206,Good,Automatic,Petrol,94744
Mazda,CX-9,2022,47150,Excellent,Automatic,Petrol,210686
Mazda,Mazda 3,2025,5613,New,Automatic,Petrol,79768
Mazda,CX-5,2015,147528,Good,Automatic,Petrol,44283
Mazda,Mazda 3,2013,182871,Good,Manual,Petrol,35371
Mazda,Mazda 6,2021,62151,Good,Automatic,Petrol,78013
Mazda,Mazda 3,2016,141598,Good,CVT,Petrol,38030
Mazda,CX-5,2014,174931,Fair,Automatic,Petrol,58638
Mazda,CX-9,2011,224785,Fair,Manual,Petrol,57864
Mazda,CX-9,2012,213885,Poor,Automatic,Petrol,37313
Mazda,CX-3,2024,19574,Good,CVT,Petrol,91583
Mazda,CX-3,2017,163678,Good,Automatic,Petrol,46767
Mazda,CX-9,2020,70865,Excellent,Automatic,Petrol,86691
Mazda,CX-9,2021,53666,Good,Automatic,Petrol,73857
Mazda,CX-5,2022,65319,Good,Automatic,Petrol,47542
Mazda,CX-3,2022,27982,Good,Automatic,Petrol,51132
Mazda,CX-3,2022,68209,Good,Automatic,Petrol,74723
Mazda,CX-3,2016,140353,Fair,Automatic,Petrol,27895
Mazda,CX-3,2013,152524,Good,Automatic,Petrol,27675
Mazda,CX-9,2015,150167,Excellent,CVT,Petrol,77876
Mazda,CX-3,2023,27245,Fair,Automatic,Petrol,60669
Mazda,CX-9,2024,3000,New,CVT,Petrol,206890
Mazda,CX-9,2021,73696,Excellent,CVT,Petrol,120952
Mazda,CX-5,2019,63002,Good,Automatic,Petrol,73952
Mazda,CX-5,2010,230924,Poor,Manual,Petrol,25131
Mazda,CX-3,2020,105742,Excellent,CVT,Petrol,61334
Mazda,CX-3,2015,175518,Good,CVT,Petrol,39603
Mazda,Mazda 6,2021,82418,Excellent,Automatic,Petrol,79179
Mazda,Mazda 3,2022,35434,Excellent,CVT,Petrol,24369
Mazda,CX-3,2021,55426,Excellent,Automatic,Petrol,93401
Mazda,CX-9,2013,204020,Fair,Automatic,Petrol,42223
Mazda,Mazda 6,2010,239567,Poor,Manual,Petrol,17520
Mazda,CX-5,2025,18685,Like New,CVT,Petrol,168176
Mazda,CX-3,2019,129588,Excellent,Automatic,Petrol,35805
Mazda,Mazda 6,2014,188210,Poor,Automatic,Petrol,26158
Mazda,Mazda 3,2021,71127,Excellent,Automatic,Petrol,84454
Mazda,CX-5,2024,3000,New,Automatic,Petrol,158861
Mazda,Mazda 3,2025,4887,Excellent,Automatic,Petrol,91697
Mazda,CX-9,2021,57028,Good,CVT,Petrol,191818
Mazda,CX-9,2023,34666,Excellent,Automatic,Petrol,135868
Mazda,Mazda 3,2025,16799,Like New,Automatic,Petrol,105054
Mazda,CX-9,2023,56342,Excellent,Automatic,Petrol,156032
Mazda,Mazda 3,2021,60518,Good,CVT,Petrol,40419
Mazda,CX-3,2019,96050,Good,Automatic,Petrol,60611
Mazda,Mazda 3,2012,196952,Fair,Automatic,Petrol,13052
Mazda,CX-3,2012,200785,Fair,Automatic,Petrol,23650
Mazda,CX-9,2024,29184,New,CVT,Petrol,122169
Mazda,CX-5,2012,219705,Fair,Manual,Petrol,43101
Mazda,Mazda 3,2025,24932,Excellent,Automatic,Petrol,109038
Mazda,CX-5,2016,154001,Poor,CVT,Petrol,21169
Mazda,CX-9,2025,16698,Excellent,CVT,Petrol,204017
Mazda,Mazda 3,2017,125313,Fair,Automatic,Petrol,24513
Mazda,CX-5,2013,177634,Fair,Automatic,Petrol,41183
Mazda,CX-3,2013,204338,Fair,Manual,Petrol,27919
Mazda,CX-3,2021,50452,Excellent,Automatic,Petrol,44943
Mazda,Mazda 3,2015,145518,Good,Automatic,Petrol,18712
Mazda,CX-5,2014,159876,Fair,Automatic,Petrol,31005
Mazda,Mazda 3,2016,167648,Good,Automatic,Petrol,25627
Mazda,CX-5,2024,16945,New,CVT,Petrol,132677
Mazda,CX-3,2020,70370,Good,CVT,Petrol,68886
Mazda,Mazda 6,2011,221492,Fair,Automatic,Petrol,21165
Mazda,CX-5,2020,82208,Excellent,CVT,Petrol,102096
Mazda,CX-9,2017,104981,Good,CVT,Petrol,73350
Mazda,Mazda 6,2024,3000,Excellent,Automatic,Petrol,70546
Mazda,CX-5,2022,49272,Good,Automatic,Petrol,110556
Mazda,CX-9,2022,62369,Excellent,Automatic,Petrol,106295
Mazda,CX-5,2011,236955,Good,Automatic,Petrol,27767
Mazda,CX-3,2011,220289,Fair,Manual,Petrol,36257
Mazda,Mazda 3,2021,91306,Good,CVT,Petrol,73913
Mazda,CX-5,2025,15750,Good,Automatic,Petrol,139678
Mazda,Mazda 3,2024,17326,Excellent,Automatic,Petrol,39675
Mazda,CX-9,2023,32636,Good,Automatic,Petrol,115045
Mazda,Mazda 6,2017,124256,Fair,CVT,Petrol,61022
Mazda,CX-9,2011,223030,Poor,Automatic,Petrol,33619
Mazda,Mazda 6,2025,14043,Like New,Automatic,Petrol,124552
Mazda,CX-9,2014,161143,Good,CVT,Petrol,79296
Mazda,Mazda 6,2023,53224,Excellent,CVT,Petrol,84857
Mazda,Mazda 6,2022,53779,Like New,Automatic,Petrol,122764
Mazda,Mazda 3,2023,45122,Excellent,CVT,Petrol,101549
Mazda,Mazda 3,2017,129717,Fair,Automatic,Petrol,35371
Mazda,CX-5,2011,212383,Fair,Manual,Petrol,31336
Mazda,CX-3,2019,87327,Fair,CVT,Petrol,59774
Mazda,CX-3,2021,84732,Excellent,Automatic,Petrol,41064
Mazda,Mazda 3,2019,99231,Excellent,Automatic,Petrol,30770
Mazda,CX-5,2020,44391,Excellent,Automatic,Petrol,110674
Mazda,CX-9,2020,62387,Good,Automatic,Petrol,106189
Mazda,Mazda 6,2014,180643,Good,CVT,Petrol,59219
Mazda,CX-3,2017,134720,Good,CVT,Petrol,53174
Mazda,CX-9,2022,63328,Excellent,Automatic,Petrol,176883
Mazda,Mazda 6,2024,9981,New,Automatic,Petrol,89074
Mazda,CX-5,2016,170540,Good,Automatic,Petrol,65252
Mazda,CX-3,2015,146713,Good,Automatic,Petrol,33220
Mazda,CX-9,2024,3000,New,CVT,Petrol,252927
Mazda,CX-5,2016,149326,Poor,CVT,Petrol,48074
Mazda,CX-3,2023,54304,Good,Automatic,Petrol,69440
Mazda,CX-5,2021,64241,Excellent,Automatic,Petrol,48737
Mazda,Mazda 6,2014,171235,Fair,Automatic,Petrol,18208
Mazda,Mazda 6,2023,31499,Good,CVT,Petrol,60756
Mazda,Mazda 6,2014,182822,Good,CVT,Petrol,32360
Mazda,CX-5,2014,198485,Good,CVT,Petrol,61726
Mazda,Mazda 3,2015,162541,Good,Automatic,Petrol,22649
Mazda,CX-5,2022,59128,Like New,Automatic,Petrol,91633
Mazda,Mazda 3,2025,10248,Good,Automatic,Petrol,73509
Mazda,CX-9,2024,3000,New,CVT,Petrol,80256
Mazda,CX-5,2010,218720,Good,Automatic,Petrol,44713
Mazda,CX-3,2020,73880,Excellent,Automatic,Petrol,89810
Mazda,CX-9,2014,199148,Fair,Automatic,Petrol,39902
Mazda,Mazda 6,2021,54584,Excellent,Automatic,Petrol,83970
Mazda,CX-9,2018,111442,Good,Automatic,Petrol,79639
Mazda,Mazda 3,2011,191208,Poor,Automatic,Petrol,17181
Mazda,Mazda 6,2016,150243,Excellent,CVT,Petrol,46555
Mazda,Mazda 3,2019,91086,Fair,Automatic,Petrol,27081
Mazda,Mazda 6,2012,186998,Poor,Manual,Petrol,11876
Mazda,CX-3,2019,108554,Good,CVT,Petrol,50598
Mazda,CX-5,2019,98121,Good,CVT,Petrol,43405
Mazda,CX-9,2021,49528,Good,Automatic,Petrol,146391
Mazda,Mazda 6,2017,141054,Fair,Automatic,Petrol,58453
Nissan,Sylphy,2023,28473,Fair,Automatic,Petrol,16465
Nissan,Almera,2019,93187,Good,Automatic,Petrol,15826
Nissan,Sylphy,2010,238429,Good,Automatic,Petrol,8507
Nissan,X-Trail,2021,68333,Like New,CVT,Petrol,80487
Nissan,X-Trail,2020,84103,Fair,Automatic,Petrol,56410
Nissan,Sylphy,2022,48266,Fair,CVT,Petrol,18290
Nissan,Sylphy,2023,13370,Like New,CVT,Petrol,15207
Nissan,X-Trail,2020,63986,Good,CVT,Petrol,77924
Nissan,Almera,2012,206755,Fair,Automatic,Petrol,11126
Nissan,Serena,2022,47563,Excellent,Automatic,Petrol,113202
Nissan,Almera,2025,2000,Excellent,Automatic,Petrol,55705
Nissan,X-Trail,2014,165846,Fair,Automatic,Petrol,23394
Nissan,Serena,2018,105470,Good,Automatic,Petrol,48306
Nissan,Almera,2018,112459,Poor,Automatic,Petrol,18342
Nissan,Sylphy,2020,61600,Excellent,Automatic,Petrol,31090
Nissan,Sylphy,2023,55913,Excellent,CVT,Petrol,26464
Nissan,Serena,2011,238535,Poor,Automatic,Petrol,21958
Nissan,Almera,2021,66983,Good,CVT,Petrol,24608
Nissan,Sylphy,2022,37637,Excellent,CVT,Petrol,16714
Nissan,Serena,2020,101956,Excellent,CVT,Petrol,59578
Nissan,Serena,2016,123239,Good,CVT,Petrol,45340
Nissan,Serena,2017,96971,Fair,Automatic,Petrol,49995
Nissan,Teana,2025,2000,New,CVT,Petrol,60645
Nissan,Sylphy,2018,115138,Poor,Automatic,Petrol,5474
Nissan,Almera,2020,75599,Fair,Manual,Petrol,27004
Nissan,Serena,2019,84131,Fair,Automatic,Petrol,50609
Nissan,Serena,2014,169704,Good,CVT,Petrol,32155
Nissan,Teana,2023,27516,Fair,Manual,Petrol,27326
Nissan,X-Trail,2019,108976,Good,Automatic,Petrol,63043
Nissan,Sylphy,2018,105760,Good,Automatic,Petrol,19850
Nissan,Serena,2017,137347,Fair,CVT,Petrol,33540
Nissan,Sylphy,2018,118701,Good,CVT,Petrol,9526
Nissan,Serena,2025,2000,New,CVT,Petrol,75648
Nissan,X-Trail,2013,187654,Poor,Manual,Petrol,20933
Nissan,Almera,2010,251482,Poor,Automatic,Petrol,4336
Nissan,Sylphy,2025,7005,New,Automatic,Petrol,14024
Nissan,Serena,2021,50809,Good,Automatic,Petrol,86522
Nissan,Almera,2022,24837,Good,Automatic,Petrol,16275
Nissan,Teana,2019,101297,Good,Automatic,Petrol,14018
Nissan,Almera,2022,42299,Good,Automatic,Petrol,21295
Nissan,Sylphy,2020,77998,Good,CVT,Petrol,14255
Nissan,Almera,2025,10175,New,Automatic,Petrol,46977
Nissan,Serena,2024,6044,New,Automatic,Petrol,104185
Nissan,X-Trail,2010,220172,Poor,Automatic,Petrol,11244
Nissan,Almera,2016,172846,Fair,Automatic,Petrol,21508
Nissan,Almera,2017,135150,Good,Automatic,Petrol,23349
Nissan,Almera,2013,162302,Fair,Automatic,Petrol,13122
Nissan,Almera,2022,60752,Excellent,Manual,Petrol,46951
Nissan,Serena,2022,50067,Fair,CVT,Petrol,35175
Nissan,Almera,2021,61465,Excellent,CVT,Petrol,14994
Nissan,Almera,2022,34105,Excellent,CVT,Petrol,28430
Nissan,X-Trail,2012,209708,Good,CVT,Petrol,14008
Nissan,X-Trail,2024,2000,Excellent,Automatic,Petrol,27964
Nissan,Serena,2018,83132,Excellent,CVT,Petrol,53084
Nissan,X-Trail,2015,174484,Good,CVT,Petrol,30369
Nissan,Almera,2011,253640,Good,Automatic,Petrol,6210
Nissan,X-Trail,2025,2000,Excellent,CVT,Hybrid,55963
Nissan,Almera,2012,229681,Good,Automatic,Petrol,12650
Nissan,Teana,2022,28590,Good,Automatic,Petrol,25007
Nissan,Almera,2016,124871,Poor,Manual,Petrol,14519
Nissan,Serena,2019,102208,Fair,CVT,Petrol,55626
Nissan,Teana,2016,104091,Poor,Automatic,Petrol,13543
Nissan,Sylphy,2024,11623,New,CVT,Petrol,18534
Nissan,Serena,2015,177966,Fair,CVT,Petrol,31640
Nissan,Almera,2012,228689,Fair,Automatic,Petrol,10076
Nissan,Almera,2018,96918,Excellent,CVT,Petrol,41304
Nissan,Serena,2010,234844,Good,Automatic,Petrol,15828
Nissan,Almera,2014,160470,Fair,Automatic,Petrol,9130
Nissan,Teana,2024,11404,Excellent,Manual,Petrol,51204
Nissan,Sylphy,2014,189335,Fair,CVT,Petrol,7595
Nissan,Sylphy,2025,2000,New,CVT,Petrol,14665
Nissan,Sylphy,2020,102775,Excellent,Automatic,Petrol,26582
Nissan,Teana,2016,144425,Good,Automatic,Petrol,24257
Nissan,Teana,2014,184599,Good,Automatic,Petrol,25302
Nissan,Sylphy,2016,171270,Poor,Automatic,Petrol,11564
Nissan,Sylphy,2019,86633,Good,CVT,Petrol,7713
Nissan,Teana,2020,85771,Excellent,Automatic,Petrol,25896
Nissan,Almera,2022,50617,Fair,Automatic,Petrol,18047
Nissan,Serena,2012,198065,Fair,CVT,Petrol,17012
Nissan,Serena,2019,104893,Good,CVT,Petrol,36119
Nissan,X-Trail,2013,187094,Fair,Automatic,Petrol,37575
Nissan,Almera,2023,20304,Good,Automatic,Petrol,17187
Nissan,Serena,2017,126988,Excellent,Automatic,Petrol,80633
Nissan,X-Trail,2016,147235,Fair,Automatic,Petrol,20765
Nissan,Sylphy,2011,241303,Fair,CVT,Petrol,4950
Nissan,Almera,2011,216750,Poor,Manual,Petrol,6891
Nissan,X-Trail,2018,112630,Fair,CVT,Petrol,49817
Nissan,Serena,2021,61291,Excellent,Automatic,Petrol,41316
Nissan,Sylphy,2012,202080,Fair,Automatic,Petrol,4607
Nissan,Teana,2019,97711,Good,CVT,Petrol,50959
Nissan,Sylphy,2018,125330,Good,Automatic,Petrol,20586
Nissan,Serena,2018,121437,Good,CVT,Petrol,64949
Nissan,Sylphy,2019,72848,Fair,CVT,Petrol,16110
Nissan,Sylphy,2011,216680,Fair,Automatic,Petrol,8922
Nissan,Serena,2021,63834,Excellent,Automatic,Petrol,40104
Nissan,Sylphy,2020,58089,Fair,Automatic,Petrol,16401
Nissan,Almera,2014,170465,Poor,Automatic,Petrol,13067
Nissan,Almera,2022,46506,Good,Automatic,Petrol,32759
Nissan,Serena,2023,45918,Good,Automatic,Petrol,46430
Nissan,Almera,2016,131629,Good,CVT,Petrol,14269
Nissan,Teana,2020,61724,Good,Automatic,Petrol,50060
Nissan,Serena,2023,43340,Good,CVT,Petrol,77027
Nissan,Almera,2017,116495,Poor,Automatic,Petrol,11460
Nissan,Sylphy,2019,90474,Fair,Automatic,Petrol,9521
Nissan,Sylphy,2015,175178,Good,CVT,Petrol,17496
Nissan,Almera,2012,208386,Fair,Automatic,Petrol,8945
Nissan,Sylphy,2017,141303,Fair,CVT,Petrol,15216
Nissan,Teana,2019,68482,Fair,Manual,Petrol,14587
Nissan,Sylphy,2025,27448,Like New,Automatic,Petrol,36299
Nissan,X-Trail,2019,97408,Good,CVT,Hybrid,73633
Nissan,X-Trail,2025,2000,New,CVT,Petrol,100370
Nissan,Serena,2019,90512,Fair,CVT,Petrol,61862
Nissan,Sylphy,2021,63169,Good,CVT,Petrol,12353
Nissan,Almera,2021,60375,Good,Manual,Petrol,38257
Nissan,Serena,2016,162494,Fair,CVT,Petrol,34251
Nissan,Teana,2025,2000,Like New,CVT,Petrol,79378
Nissan,Teana,2016,126034,Good,Automatic,Petrol,24606
Nissan,Teana,2023,38093,Fair,CVT,Petrol,38109
Nissan,X-Trail,2020,111909,Excellent,CVT,Petrol,40982
Nissan,Almera,2016,153515,Good,Automatic,Petrol,26323
Nissan,Teana,2021,62674,Excellent,CVT,Petrol,66327
Nissan,X-Trail,2023,42664,Good,Automatic,Petrol,53239
Nissan,Sylphy,2016,132758,Good,Automatic,Petrol,6095
Nissan,X-Trail,2024,17268,Excellent,Automatic,Petrol,89780
Nissan,Teana,2022,45668,Excellent,Automatic,Petrol,52577
Nissan,Teana,2017,143214,Fair,Automatic,Petrol,16534
Nissan,Serena,2021,58955,Fair,Automatic,Petrol,67214
Nissan,Teana,2022,75336,Excellent,Automatic,Petrol,30844
Nissan,X-Trail,2020,76865,Good,Automatic,Petrol,29401
Nissan,Sylphy,2015,160678,Fair,CVT,Petrol,8723
Nissan,Almera,2022,47491,Excellent,CVT,Petrol,43262
Nissan,X-Trail,2025,3918,New,Automatic,Petrol,78943
Nissan,Serena,2024,29793,Excellent,CVT,Petrol,101061
Nissan,Teana,2019,98668,Poor,Automatic,Petrol,10022
Nissan,X-Trail,2015,176418,Good,CVT,Petrol,35581
Nissan,Almera,2014,179436,Fair,CVT,Petrol,9749
Nissan,X-Trail,2012,208911,Poor,Automatic,Petrol,10290
Nissan,Almera,2015,187189,Good,Automatic,Petrol,22403
Nissan,Almera,2021,42846,Excellent,CVT,Petrol,17851
Nissan,Teana,2021,70545,Excellent,CVT,Petrol,40131
Nissan,Almera,2023,23319,Excellent,Automatic,Petrol,25318
Nissan,Teana,2025,12516,Like New,CVT,Petrol,43979
Nissan,Serena,2018,118634,Good,Automatic,Petrol,40196
Nissan,Almera,2022,45986,Excellent,Automatic,Petrol,17860
Nissan,Teana,2024,5225,New,Manual,Petrol,71150
Nissan,Teana,2017,162898,Good,CVT,Petrol,29278
Nissan,Almera,2021,56313,Excellent,CVT,Petrol,24688
Nissan,Teana,2024,33330,Good,CVT,Petrol,30753
Nissan,Teana,2017,151773,Fair,CVT,Petrol,33451
Nissan,Serena,2013,192998,Good,Automatic,Petrol,28943
Nissan,Almera,2019,92362,Fair,CVT,Petrol,16201
Nissan,X-Trail,2024,16713,Good,CVT,Petrol,77839
Nissan,Almera,2015,157611,Good,CVT,Petrol,12102
Nissan,Almera,2012,208102,Poor,Automatic,Petrol,5006
Nissan,Serena,2025,12850,New,Automatic,Petrol,41789
Nissan,Sylphy,2023,59982,Good,CVT,Petrol,32077
Nissan,Almera,2022,47723,Excellent,CVT,Petrol,52566
Nissan,Teana,2014,176989,Poor,Automatic,Petrol,19577
Nissan,Serena,2014,175048,Poor,Automatic,Petrol,18676
Nissan,Almera,2022,35151,Fair,Automatic,Petrol,19309
Nissan,X-Trail,2016,152361,Good,CVT,Petrol,53209
Nissan,Sylphy,2022,66688,Fair,CVT,Petrol,7265
Nissan,Serena,2021,57186,Like New,CVT,Petrol,101657
Nissan,Almera,2025,2000,Excellent,Automatic,Petrol,20931
Nissan,Serena,2025,25329,New,CVT,Petrol,89451
Nissan,Serena,2017,128886,Good,Automatic,Petrol,54074
Nissan,Almera,2017,126057,Good,CVT,Petrol,34057
Nissan,Almera,2016,133613,Good,CVT,Petrol,31045
Nissan,Serena,2022,69003,Excellent,CVT,Petrol,112012
Nissan,X-Trail,2014,171213,Fair,Automatic,Petrol,42832
Nissan,Almera,2016,148756,Good,CVT,Petrol,23645
Nissan,X-Trail,2023,26975,Excellent,Automatic,Petrol,74573
Nissan,Serena,2024,18991,Like New,Automatic,Petrol,59184
Nissan,X-Trail,2025,13479,New,Manual,Petrol,50980
Nissan,X-Trail,2018,99988,Excellent,Manual,Petrol,37343
Nissan,X-Trail,2025,14175,Excellent,CVT,Petrol,86611
Nissan,Sylphy,2019,75650,Excellent,Manual,Petrol,28367
Nissan,X-Trail,2013,195567,Fair,Automatic,Petrol,26951
Nissan,X-Trail,2020,84552,Good,Automatic,Petrol,32566
Nissan,Sylphy,2017,144550,Good,CVT,Petrol,6855
Nissan,Sylphy,2021,61130,Fair,Automatic,Petrol,22725
Nissan,X-Trail,2025,8880,New,CVT,Petrol,79558
Nissan,Serena,2012,213922,Good,Automatic,Petrol,22271
Nissan,Teana,2011,200226,Good,CVT,Petrol,12977
Nissan,Serena,2016,167465,Fair,Automatic,Petrol,15285
Nissan,X-Trail,2024,7403,Like New,CVT,Petrol,64720
Nissan,Sylphy,2023,51971,Good,CVT,Petrol,11526
Nissan,Almera,2012,210663,Good,CVT,Petrol,21888
Nissan,Teana,2022,55286,Good,CVT,Petrol,26260
Nissan,X-Trail,2022,49523,Good,Automatic,Petrol,82403
Nissan,Serena,2024,2000,Good,Automatic,Petrol,83002
Nissan,Sylphy,2022,25999,Excellent,Automatic,Petrol,15852
Nissan,Serena,2017,146786,Good,CVT,Petrol,25422
Nissan,Teana,2024,23650,Excellent,Automatic,Petrol,60966
Nissan,X-Trail,2012,217561,Good,CVT,Petrol,20753
Nissan,Teana,2017,126877,Fair,CVT,Petrol,29430
Nissan,X-Trail,2024,2000,New,Automatic,Petrol,69504
Nissan,Almera,2017,111563,Good,CVT,Petrol,13044
Nissan,X-Trail,2011,248649,Fair,Automatic,Petrol,26973
Nissan,Sylphy,2013,190259,Fair,Automatic,Petrol,7855
Nissan,Serena,2025,2000,New,CVT,Petrol,80233
Nissan,Almera,2013,194547,Good,Automatic,Petrol,21808
Nissan,Teana,2011,210349,Poor,Automatic,Petrol,7217
Nissan,X-Trail,2025,3515,Excellent,Automatic,Petrol,39266
Nissan,X-Trail,2020,57008,Excellent,CVT,Petrol,99099
Nissan,X-Trail,2023,24580,Good,CVT,Petrol,39127
Nissan,Teana,2019,74889,Good,CVT,Petrol,41436
Nissan,Almera,2013,181109,Good,CVT,Petrol,15986
Nissan,Serena,2022,53449,Good,Automatic,Petrol,57534
Nissan,Sylphy,2024,29723,Excellent,CVT,Petrol,35400
Nissan,Teana,2022,50113,Fair,Automatic,Petrol,36555
Nissan,X-Trail,2020,80211,Good,CVT,Petrol,24928
Nissan,Sylphy,2010,212980,Fair,Automatic,Petrol,7976
Nissan,Teana,2022,28631,Good,CVT,Petrol,44730
Nissan,Teana,2016,167427,Fair,Automatic,Petrol,11506
Nissan,Sylphy,2025,10225,Like New,Automatic,Petrol,20060
Nissan,Sylphy,2010,244669,Fair,Automatic,Petrol,9485
Nissan,Teana,2024,37260,Like New,CVT,Petrol,54605
Nissan,Sylphy,2016,124893,Poor,CVT,Petrol,8456
Nissan,Teana,2025,25749,New,CVT,Petrol,62870
Nissan,Sylphy,2024,37454,New,Automatic,Petrol,11375
Nissan,Teana,2011,235325,Poor,Manual,Petrol,6553
Nissan,Almera,2015,173843,Good,CVT,Petrol,23175
Nissan,X-Trail,2024,2000,New,Automatic,Petrol,118263
Nissan,X-Trail,2025,2000,New,CVT,Petrol,48712
Nissan,Sylphy,2021,52379,Good,Automatic,Petrol,26437
Nissan,Teana,2018,88689,Good,Automatic,Petrol,46568
Nissan,Serena,2021,67526,Excellent,Manual,Petrol,63151
Nissan,Teana,2015,165342,Poor,CVT,Petrol,14968
Nissan,Almera,2021,69662,Excellent,Automatic,Petrol,42954
Nissan,X-Trail,2022,55263,Fair,Automatic,Petrol,27186
Nissan,Almera,2022,22303,Excellent,Automatic,Petrol,35550
Nissan,Serena,2022,40524,Good,Automatic,Petrol,66541
Nissan,Almera,2025,24878,Excellent,Automatic,Petrol,50812
Nissan,Sylphy,2022,37057,Like New,Automatic,Petrol,26733
Nissan,Sylphy,2010,236701,Fair,CVT,Petrol,11012
Nissan,Sylphy,2021,72022,Fair,CVT,Petrol,16601
Nissan,X-Trail,2022,59662,Like New,Automatic,Petrol,73957
Nissan,X-Trail,2024,29519,Excellent,Automatic,Hybrid,97067
Nissan,X-Trail,2022,48363,Fair,Automatic,Petrol,53898
Nissan,Sylphy,2022,61345,Good,Automatic,Petrol,16108
Nissan,X-Trail,2018,100127,Good,CVT,Petrol,36790
Nissan,Serena,2010,256584,Good,Automatic,Petrol,19919
Nissan,Almera,2022,44660,Good,CVT,Petrol,24961
Nissan,Sylphy,2016,155256,Fair,CVT,Petrol,8670
Nissan,X-Trail,2022,34560,Excellent,Manual,Petrol,82764
Nissan,Almera,2019,96528,Fair,Automatic,Petrol,29572
Nissan,Almera,2022,29866,Good,Automatic,Petrol,16165
Nissan,Sylphy,2024,33569,Excellent,Automatic,Petrol,34714
Nissan,X-Trail,2012,209553,Fair,Manual,Petrol,26832
Nissan,Serena,2021,55609,Like New,CVT,Petrol,88348
Nissan,Teana,2012,213220,Fair,CVT,Petrol,20539
Nissan,Serena,2018,109412,Good,CVT,Petrol,69355
Nissan,X-Trail,2024,2000,New,Automatic,Petrol,83836
Nissan,Teana,2021,74394,Fair,Automatic,Petrol,30404
Nissan,Serena,2019,115846,Fair,Manual,Petrol,53248
Nissan,X-Trail,2011,247600,Poor,Manual,Petrol,8014
Nissan,Sylphy,2021,68960,Good,Automatic,Petrol,11372
Nissan,X-Trail,2023,42538,Like New,Manual,Petrol,59412
Nissan,Serena,2019,105411,Good,Manual,Petrol,74820
Nissan,Teana,2022,53058,Excellent,CVT,Petrol,50841
Nissan,X-Trail,2021,65605,Excellent,Automatic,Petrol,33370
Nissan,Sylphy,2018,104054,Good,CVT,Petrol,17385
Nissan,Almera,2016,169649,Fair,Manual,Petrol,9636
Nissan,X-Trail,2010,241430,Fair,Manual,Petrol,10866
Nissan,Teana,2020,80182,Like New,Automatic,Petrol,25378
Nissan,Serena,2023,34208,Good,CVT,Petrol,46581
Nissan,Almera,2012,174570,Good,Automatic,Petrol,8274
Nissan,Serena,2010,257100,Fair,CVT,Petrol,23490
Nissan,X-Trail,2018,112894,Good,Manual,Hybrid,60102
Nissan,X-Trail,2023,41224,Excellent,CVT,Petrol,88096
Nissan,Teana,2013,199592,Fair,Manual,Petrol,10425
Nissan,Teana,2011,215261,Good,Automatic,Petrol,22059
Nissan,Sylphy,2022,56804,Like New,Automatic,Petrol,13700
Nissan,Teana,2010,224818,Fair,Manual,Petrol,21707
Nissan,Sylphy,2013,180569,Good,Automatic,Petrol,8897
Nissan,Sylphy,2023,29376,Like New,Automatic,Petrol,30621
Nissan,Sylphy,2021,70442,Good,CVT,Petrol,26747
Nissan,Teana,2021,54132,Good,Automatic,Petrol,23564
Nissan,X-Trail,2023,50634,Excellent,Automatic,Petrol,79842
Nissan,Sylphy,2015,154940,Fair,CVT,Petrol,11977
Nissan,Teana,2020,74455,Good,Manual,Petrol,39362
Nissan,Serena,2016,135507,Fair,Automatic,Petrol,39417
Nissan,Teana,2019,107525,Poor,CVT,Petrol,18441
Nissan,X-Trail,2022,43254,Excellent,CVT,Petrol,87972
Nissan,Serena,2011,226444,Fair,CVT,Petrol,24485
Nissan,Teana,2024,27006,Excellent,Automatic,Petrol,30845
Nissan,Serena,2022,51702,Fair,Automatic,Petrol,27676
Nissan,Sylphy,2023,23516,Good,Automatic,Petrol,13879
Nissan,Teana,2015,172119,Good,CVT,Petrol,38164
Nissan,Sylphy,2024,11693,Like New,CVT,Petrol,23292
Nissan,Teana,2020,73331,Good,Automatic,Petrol,32223
Nissan,Sylphy,2017,100672,Fair,CVT,Petrol,12842
Nissan,Sylphy,2023,38703,Good,Automatic,Petrol,18426
Nissan,X-Trail,2016,147157,Good,CVT,Petrol,40970
Nissan,X-Trail,2019,67546,Fair,Automatic,Petrol,47803
Nissan,Sylphy,2023,15752,Good,Automatic,Petrol,9526
Nissan,Serena,2010,253099,Poor,Automatic,Petrol,15593
Nissan,Serena,2020,80634,Good,CVT,Petrol,78509
Nissan,Serena,2019,95477,Fair,Manual,Petrol,35106
Nissan,Serena,2012,194649,Good,Automatic,Petrol,37874
Nissan,Teana,2017,130819,Good,Automatic,Petrol,14958
Nissan,Sylphy,2023,25685,Like New,CVT,Petrol,25083
Nissan,X-Trail,2011,235062,Fair,CVT,Petrol,27330
Nissan,X-Trail,2023,39035,Like New,Manual,Hybrid,87219
Nissan,X-Trail,2023,15141,Good,Automatic,Hybrid,27805
Nissan,Teana,2016,120397,Good,Automatic,Petrol,11691
Nissan,Teana,2021,59527,Excellent,Manual,Petrol,59788
Nissan,X-Trail,2016,150412,Fair,Automatic,Petrol,20303
Nissan,X-Trail,2023,19805,Like New,CVT,Hybrid,34473
Nissan,Sylphy,2016,150672,Fair,Automatic,Petrol,12658
Nissan,Teana,2019,113367,Good,CVT,Petrol,25286
Nissan,Serena,2024,7845,New,CVT,Petrol,123044
Nissan,Sylphy,2010,250252,Poor,Manual,Petrol,4813
Nissan,X-Trail,2023,9979,Good,CVT,Petrol,90041
Nissan,Teana,2020,68993,Fair,Manual,Petrol,36497
Nissan,Serena,2021,45935,Fair,CVT,Petrol,73468
Nissan,X-Trail,2016,170339,Good,Automatic,Petrol,62061
Nissan,Sylphy,2016,140005,Poor,CVT,Petrol,7062
Nissan,Sylphy,2024,25618,Excellent,Automatic,Petrol,34603
Nissan,X-Trail,2011,228189,Fair,Manual,Petrol,15397
Nissan,Serena,2018,139471,Fair,Automatic,Petrol,52139
Nissan,Almera,2019,102272,Fair,Automatic,Petrol,22869
Nissan,Serena,2016,170362,Excellent,CVT,Petrol,27098
Nissan,Almera,2013,179601,Poor,Manual,Petrol,11474
Nissan,Teana,2013,195515,Fair,Automatic,Petrol,11791
Nissan,Almera,2020,98970,Excellent,Automatic,Petrol,31449
Nissan,Teana,2024,9471,New,CVT,Petrol,56057
Nissan,X-Trail,2016,151356,Fair,Manual,Petrol,26541
Nissan,Sylphy,2018,106930,Good,Automatic,Petrol,24204
Nissan,X-Trail,2014,183653,Fair,Automatic,Petrol,30493
Nissan,Almera,2010,247901,Good,Manual,Petrol,12305
Nissan,Almera,2025,8029,Like New,CVT,Petrol,55973
Nissan,Almera,2022,51731,Excellent,CVT,Petrol,51891
Nissan,X-Trail,2022,44064,Good,Automatic,Petrol,67631
Nissan,X-Trail,2021,40765,Good,Manual,Petrol,25157
Nissan,Sylphy,2023,53979,Good,CVT,Petrol,26254
Nissan,Sylphy,2022,46351,Good,CVT,Petrol,9797
Nissan,Teana,2019,95046,Excellent,Automatic,Petrol,56660
Nissan,Almera,2020,44783,Excellent,Automatic,Petrol,39628
Nissan,Almera,2024,26790,New,Manual,Petrol,47816
Nissan,Teana,2018,115226,Good,Automatic,Petrol,51307
Nissan,Serena,2024,13719,New,Automatic,Petrol,87173
Nissan,Sylphy,2019,100425,Poor,CVT,Petrol,9201
Nissan,X-Trail,2024,8760,New,Automatic,Petrol,43852
Nissan,Almera,2017,130285,Fair,CVT,Petrol,21621
Nissan,Serena,2020,83176,Good,CVT,Petrol,34501
Nissan,Serena,2018,128275,Good,CVT,Petrol,27047
Nissan,Teana,2014,187960,Fair,Automatic,Petrol,15493
Nissan,Teana,2019,107210,Good,Automatic,Petrol,46927
Nissan,Teana,2023,31581,Excellent,Automatic,Petrol,24021
Nissan,Serena,2014,165974,Fair,Automatic,Petrol,33998
Nissan,Almera,2016,127025,Excellent,Automatic,Petrol,38215
Nissan,Teana,2022,43138,Like New,Automatic,Petrol,67905
Nissan,Serena,2021,97316,Good,CVT,Petrol,77748
Nissan,X-Trail,2025,9760,Excellent,Manual,Petrol,50512
Nissan,Teana,2017,131196,Fair,CVT,Petrol,28757
Nissan,Serena,2019,91081,Fair,Automatic,Petrol,61691
Nissan,Teana,2022,54640,Good,Automatic,Petrol,33956
Nissan,X-Trail,2020,89500,Good,Automatic,Petrol,26427
Nissan,Almera,2025,9490,Excellent,Automatic,Petrol,32051
Nissan,Teana,2019,105329,Good,CVT,Petrol,31177
Nissan,Teana,2013,198051,Poor,Automatic,Petrol,14268
Nissan,Almera,2011,225957,Good,Automatic,Petrol,18825
Nissan,Almera,2022,49010,Excellent,Automatic,Petrol,48814
Nissan,Almera,2025,2000,Excellent,Automatic,Petrol,26510
Nissan,Teana,2015,147303,Fair,Automatic,Petrol,29708
Nissan,Sylphy,2023,35398,Like New,Automatic,Petrol,18800
Nissan,Teana,2022,39654,Good,CVT,Petrol,44776
Nissan,Serena,2025,27682,New,Automatic,Petrol,111448
Nissan,Almera,2014,189028,Poor,CVT,Petrol,9913
Nissan,Serena,2011,233993,Poor,CVT,Petrol,11875
Nissan,Teana,2024,4412,New,CVT,Petrol,51680
Nissan,Teana,2012,236933,Fair,Automatic,Petrol,21055
Nissan,Teana,2025,6029,New,Automatic,Petrol,39928
Nissan,X-Trail,2016,125639,Excellent,CVT,Petrol,39385
Nissan,Serena,2020,68621,Excellent,Automatic,Petrol,78986
Nissan,X-Trail,2021,77242,Fair,CVT,Petrol,43385
Nissan,Almera,2014,164420,Fair,CVT,Petrol,6918
Nissan,X-Trail,2019,97062,Good,CVT,Petrol,33159
Nissan,X-Trail,2025,28387,Excellent,Automatic,Petrol,42465
Nissan,Serena,2022,66304,Good,Automatic,Petrol,76085
Nissan,Almera,2012,200810,Poor,CVT,Petrol,5307
Nissan,Sylphy,2023,25274,Excellent,Automatic,Petrol,10115
Nissan,Serena,2018,126136,Poor,CVT,Petrol,39282
Nissan,Almera,2025,2772,New,Automatic,Petrol,44385
Nissan,Sylphy,2015,119295,Good,Automatic,Petrol,14030
Nissan,Almera,2013,183480,Good,Manual,Petrol,20553
Nissan,X-Trail,2020,75372,Good,CVT,Petrol,62246
Nissan,Almera,2016,141758,Good,CVT,Petrol,21978
Nissan,Sylphy,2014,177647,Poor,Automatic,Petrol,7661
Nissan,Serena,2022,43749,Good,Automatic,Petrol,45869
Nissan,Serena,2016,115427,Good,CVT,Petrol,69774
Nissan,Teana,2019,83733,Poor,Manual,Petrol,17437
Nissan,Teana,2020,74841,Good,Automatic,Petrol,19632
Nissan,Serena,2024,15194,Excellent,CVT,Petrol,67941
Nissan,Serena,2014,164382,Good,Automatic,Petrol,51600
Nissan,Sylphy,2020,85454,Good,CVT,Petrol,27322
Nissan,Teana,2024,13222,Like New,CVT,Petrol,34694
Nissan,Teana,2021,72762,Good,Automatic,Petrol,43424
Nissan,Teana,2025,5652,New,Automatic,Petrol,79197
Nissan,Teana,2019,87623,Fair,Manual,Petrol,35870
Nissan,Serena,2023,49452,Excellent,Manual,Petrol,54207
Nissan,Teana,2012,203028,Poor,Automatic,Petrol,6608
Nissan,Serena,2016,144897,Good,CVT,Petrol,37680
Nissan,Serena,2020,70414,Excellent,Manual,Petrol,81190
Nissan,Sylphy,2019,79873,Good,CVT,Petrol,18678
Nissan,Sylphy,2022,24826,Excellent,CVT,Petrol,21319
Nissan,Teana,2014,189861,Poor,Automatic,Petrol,5087
Nissan,Teana,2020,50655,Good,Automatic,Petrol,45633
Nissan,X-Trail,2022,40456,Excellent,Manual,Petrol,78942
Nissan,Almera,2022,36272,Excellent,CVT,Petrol,15486
Nissan,Teana,2021,78020,Like New,CVT,Petrol,70929
Nissan,Serena,2025,13865,New,CVT,Petrol,84039
Nissan,X-Trail,2023,40760,Good,Automatic,Petrol,68354
Nissan,Sylphy,2021,50236,Good,Automatic,Petrol,21777
Nissan,Teana,2011,215610,Good,CVT,Petrol,8230
Nissan,X-Trail,2025,24185,New,CVT,Petrol,112218
Nissan,Almera,2021,70652,Excellent,Manual,Petrol,46405
Nissan,Sylphy,2014,180374,Fair,CVT,Petrol,4437
Nissan,Almera,2025,2095,Excellent,Manual,Petrol,50172
Nissan,Serena,2018,105357,Fair,Automatic,Petrol,58347
Nissan,Serena,2017,119056,Good,Automatic,Petrol,65073
Nissan,Almera,2025,13212,Like New,Automatic,Petrol,57118
Nissan,Serena,2025,8004,New,Manual,Petrol,91061
Nissan,Almera,2021,60750,Good,CVT,Petrol,23334
Nissan,Teana,2025,17343,Like New,CVT,Petrol,41854
Nissan,Almera,2012,197689,Fair,Automatic,Petrol,8561
Nissan,Teana,2012,213271,Fair,Automatic,Petrol,14282
Nissan,Serena,2014,193803,Fair,Automatic,Petrol,13772
Nissan,Sylphy,2018,90788,Good,Automatic,Petrol,10170
Nissan,Almera,2025,20803,Excellent,Automatic,Petrol,59118
Nissan,Sylphy,2015,176492,Excellent,CVT,Petrol,9637
Nissan,Serena,2018,85881,Good,CVT,Petrol,70183
Nissan,Almera,2017,125492,Fair,Manual,Petrol,14530
Nissan,Sylphy,2015,173662,Good,Automatic,Petrol,17097
Nissan,Teana,2014,203326,Poor,Automatic,Petrol,7721
Nissan,Teana,2021,69607,Good,CVT,Petrol,38697
Nissan,Almera,2015,146484,Good,Manual,Petrol,12045
Nissan,Sylphy,2012,248454,Fair,Automatic,Petrol,9710
Nissan,Almera,2016,166072,Good,Automatic,Petrol,15512
Nissan,Sylphy,2022,61872,Good,Automatic,Petrol,25663
Nissan,Teana,2010,245721,Poor,Manual,Petrol,9701
Nissan,X-Trail,2025,9860,New,Automatic,Petrol,52908
Nissan,Sylphy,2025,2000,Like New,CVT,Petrol,38365
Nissan,Serena,2021,74494,Excellent,Automatic,Petrol,86954
Nissan,X-Trail,2019,76201,Good,Automatic,Petrol,72618
Nissan,Sylphy,2024,2950,Excellent,Manual,Petrol,25913
Nissan,Serena,2019,75725,Good,Automatic,Petrol,54754
Nissan,Sylphy,2019,108701,Good,Automatic,Petrol,14893
Nissan,Teana,2022,58488,Like New,Automatic,Petrol,67286
Nissan,Almera,2021,89486,Good,CVT,Petrol,41488
Nissan,Sylphy,2011,217347,Good,Manual,Petrol,11531
Nissan,Almera,2024,17238,Excellent,Automatic,Petrol,23128
Nissan,Serena,2019,76766,Excellent,CVT,Petrol,47039
Nissan,X-Trail,2025,2000,New,Automatic,Petrol,105451
Nissan,Serena,2014,167917,Fair,CVT,Petrol,47472
Nissan,X-Trail,2013,197691,Fair,CVT,Petrol,14997
Nissan,Serena,2010,229869,Fair,Automatic,Petrol,21588
Nissan,X-Trail,2019,82137,Excellent,Automatic,Hybrid,46261
Nissan,X-Trail,2017,124506,Fair,CVT,Petrol,53216
Nissan,Almera,2023,44247,Excellent,CVT,Petrol,55309
Nissan,Almera,2017,129603,Fair,Automatic,Petrol,20093
Nissan,Sylphy,2018,124423,Poor,CVT,Petrol,6203
Nissan,Teana,2017,130405,Good,Automatic,Petrol,12809
Nissan,Teana,2013,201415,Poor,CVT,Petrol,11078
Nissan,Almera,2019,99016,Excellent,Automatic,Petrol,18764
Nissan,Sylphy,2019,90443,Fair,Automatic,Petrol,11829
Nissan,Serena,2014,191417,Fair,Automatic,Petrol,13958
Nissan,X-Trail,2018,105920,Fair,CVT,Petrol,29691
Nissan,Teana,2015,176362,Fair,Automatic,Petrol,23230
Nissan,Serena,2024,2590,Good,Automatic,Petrol,92785
Nissan,X-Trail,2019,89290,Fair,Automatic,Petrol,58070
Nissan,Sylphy,2017,144832,Good,Automatic,Petrol,14367
Nissan,Teana,2024,15437,Like New,Automatic,Petrol,26352
Nissan,Serena,2014,169149,Fair,CVT,Petrol,24923
Nissan,Sylphy,2023,25560,Good,CVT,Petrol,27481
Nissan,Teana,2010,237975,Fair,Automatic,Petrol,7503
Nissan,Sylphy,2020,98962,Like New,CVT,Petrol,10900
Nissan,X-Trail,2012,231648,Fair,Automatic,Petrol,31563
Nissan,X-Trail,2023,31198,Like New,Automatic,Petrol,43795
Nissan,X-Trail,2015,156973,Fair,Manual,Petrol,36827
Nissan,Sylphy,2014,181347,Good,CVT,Petrol,18017
Nissan,Almera,2015,162371,Good,Automatic,Petrol,13961
Nissan,Sylphy,2024,2000,Like New,Automatic,Petrol,36494
Nissan,Almera,2025,7098,Good,Automatic,Petrol,40345
Nissan,Serena,2021,63439,Good,Automatic,Petrol,74475
Nissan,Sylphy,2025,2000,Excellent,Automatic,Petrol,35695
Nissan,Teana,2014,170819,Good,Automatic,Petrol,15571
Nissan,Serena,2013,181939,Fair,Automatic,Petrol,21124
Nissan,X-Trail,2024,18266,Excellent,CVT,Petrol,57762
Nissan,Serena,2020,57981,Excellent,CVT,Petrol,47626
Nissan,Almera,2011,193394,Poor,Automatic,Petrol,9934
Nissan,X-Trail,2011,207262,Fair,Manual,Petrol,32069
Nissan,Almera,2019,91413,Poor,Automatic,Petrol,10544
Nissan,X-Trail,2015,170461,Fair,Automatic,Petrol,38029
Nissan,Teana,2013,194512,Fair,Manual,Petrol,6807
Nissan,Sylphy,2025,11990,New,Automatic,Petrol,27604
Nissan,Serena,2023,44997,Good,Automatic,Petrol,58130
Nissan,X-Trail,2021,65179,Fair,Automatic,Petrol,17876
Lexus,IS250,2013,180247,Poor,CVT,Petrol,27054
Lexus,RX350,2020,75738,Good,CVT,Petrol,140034
Lexus,IS250,2025,26197,Good,Automatic,Petrol,52277
Lexus,NX300,2012,196442,Fair,Automatic,Petrol,67854
Lexus,NX300,2020,98811,Excellent,CVT,Petrol,129704
Lexus,IS250,2025,3000,New,Automatic,Hybrid,59655
Lexus,IS250,2025,12156,New,Automatic,Petrol,86679
Lexus,NX300,2023,36533,Like New,Automatic,Hybrid,194211
Lexus,RX350,2016,117238,Poor,Automatic,Petrol,31847
Lexus,UX200,2025,30304,Like New,CVT,Petrol,164106
Lexus,RX350,2025,30720,Like New,Automatic,Petrol,236829
Lexus,NX300,2012,204899,Fair,CVT,Petrol,67831
Lexus,UX200,2019,92977,Poor,CVT,Petrol,55287
Lexus,RX350,2019,77073,Good,CVT,Hybrid,145618
Lexus,IS250,2014,156467,Fair,CVT,Petrol,24782
Lexus,IS250,2011,219279,Poor,CVT,Petrol,16046
Lexus,UX200,2020,102103,Like New,CVT,Petrol,156005
Lexus,RX350,2018,95425,Fair,CVT,Hybrid,165506
Lexus,IS250,2023,8661,Good,CVT,Petrol,62423
Lexus,UX200,2024,3000,Like New,CVT,Petrol,158555
Lexus,UX200,2014,174903,Fair,CVT,Petrol,68915
Lexus,UX200,2022,52167,Good,CVT,Petrol,127675
Lexus,ES250,2019,81302,Good,CVT,Hybrid,122315
Lexus,IS250,2022,63022,Good,Automatic,Petrol,84612
Lexus,RX350,2024,21336,New,CVT,Petrol,287281
Lexus,UX200,2019,80998,Good,Automatic,Petrol,108748
Lexus,UX200,2013,189541,Fair,Automatic,Petrol,65897
Lexus,ES250,2019,82484,Fair,CVT,Petrol,91100
Lexus,NX300,2024,3000,New,CVT,Petrol,156083
Lexus,IS250,2022,59192,Like New,CVT,Hybrid,144546
Lexus,UX200,2025,15246,Like New,CVT,Hybrid,148156
Lexus,IS250,2020,77328,Excellent,Automatic,Hybrid,46534
Lexus,UX200,2017,105257,Fair,Automatic,Petrol,81553
Lexus,NX300,2023,6546,Excellent,CVT,Petrol,180854
Lexus,RX350,2016,144926,Good,Automatic,Petrol,162235
Lexus,IS250,2022,37171,Excellent,Automatic,Hybrid,46645
Lexus,UX200,2010,240400,Good,Automatic,Petrol,73452
Lexus,RX350,2018,109526,Good,CVT,Petrol,88659
Lexus,ES250,2019,106127,Good,CVT,Hybrid,142995
Lexus,RX350,2025,8258,New,Automatic,Petrol,164213
Lexus,IS250,2018,104778,Excellent,CVT,Petrol,78567
Lexus,RX350,2016,152814,Excellent,CVT,Hybrid,172999
Lexus,UX200,2025,17516,Excellent,Automatic,Petrol,127548
Lexus,NX300,2011,214503,Fair,Automatic,Petrol,53732
Lexus,RX350,2020,77638,Good,CVT,Hybrid,171579
Lexus,RX350,2023,17036,Good,CVT,Petrol,169745
Lexus,RX350,2013,152423,Fair,CVT,Petrol,70647
Lexus,RX350,2011,208573,Good,Automatic,Petrol,45848
Lexus,UX200,2020,69061,Like New,CVT,Hybrid,133492
Lexus,RX350,2017,127469,Fair,CVT,Petrol,45858
Lexus,RX350,2017,124371,Good,Automatic,Hybrid,161670
Lexus,NX300,2011,213603,Good,CVT,Petrol,103830
Lexus,NX300,2010,208116,Good,Automatic,Petrol,83828
Lexus,UX200,2022,44594,Excellent,Automatic,Petrol,116629
Lexus,NX300,2022,36057,Good,CVT,Petrol,168716
Lexus,RX350,2017,93504,Good,CVT,Petrol,122057
Lexus,NX300,2018,99354,Fair,CVT,Petrol,77599
Lexus,RX350,2017,119880,Poor,CVT,Hybrid,52249
Lexus,ES250,2015,160910,Good,CVT,Petrol,79180
Lexus,RX350,2016,128595,Good,Automatic,Petrol,132051
Lexus,UX200,2021,53329,Excellent,CVT,Hybrid,120601
Lexus,ES250,2010,228264,Fair,CVT,Petrol,27421
Lexus,IS250,2015,150765,Good,Automatic,Petrol,28714
Lexus,UX200,2018,128493,Fair,CVT,Petrol,82232
Lexus,RX350,2011,203268,Poor,Automatic,Petrol,37638
Lexus,RX350,2025,3000,Like New,Automatic,Petrol,98317
Lexus,UX200,2020,88497,Fair,CVT,Petrol,73825
Lexus,RX350,2021,66176,Excellent,Automatic,Petrol,184844
Lexus,ES250,2024,33939,New,CVT,Petrol,143071
Lexus,IS250,2022,49886,Like New,CVT,Hybrid,134921
Lexus,IS250,2024,3504,New,CVT,Petrol,84080
Lexus,IS250,2015,149710,Good,CVT,Petrol,77138
Lexus,ES250,2019,118253,Good,CVT,Hybrid,96253
Lexus,ES250,2022,56457,Like New,CVT,Petrol,120132
Lexus,IS250,2015,162687,Good,CVT,Petrol,26584
Lexus,IS250,2018,125845,Good,Automatic,Petrol,47602
Lexus,ES250,2015,139191,Good,CVT,Hybrid,116837
Lexus,RX350,2019,80860,Good,CVT,Petrol,84738
Lexus,UX200,2020,54553,Like New,CVT,Hybrid,158234
Lexus,UX200,2023,35141,Fair,CVT,Petrol,101130
Lexus,NX300,2022,49513,Excellent,Automatic,Petrol,111443
Lexus,RX350,2025,10805,New,Automatic,Petrol,231874
Lexus,UX200,2023,21159,Excellent,CVT,Petrol,171294
Lexus,NX300,2018,103928,Good,Automatic,Petrol,85279
Lexus,IS250,2022,54560,Good,CVT,Hybrid,58467
Lexus,RX350,2022,58217,Excellent,CVT,Hybrid,202264
Lexus,NX300,2015,163449,Good,CVT,Petrol,74912
Lexus,UX200,2022,33451,Like New,Automatic,Hybrid,156009
Lexus,IS250,2014,158639,Fair,CVT,Petrol,29407
Lexus,ES250,2024,6014,Excellent,CVT,Petrol,147360
Lexus,IS250,2020,80166,Like New,CVT,Petrol,101545
Lexus,UX200,2024,34331,Excellent,Automatic,Petrol,150885
Lexus,IS250,2021,65982,Good,CVT,Petrol,68286
Lexus,IS250,2016,117258,Poor,CVT,Petrol,45776
Lexus,UX200,2025,3000,New,CVT,Petrol,181538
Lexus,IS250,2025,6819,New,CVT,Petrol,157596
Lexus,RX350,2013,192738,Fair,Automatic,Petrol,47290
Lexus,RX350,2022,72998,Excellent,Automatic,Petrol,219965
Lexus,UX200,2019,95819,Fair,Automatic,Petrol,102115
Lexus,RX350,2021,40357,Excellent,CVT,Hybrid,91518
Lexus,ES250,2013,174133,Good,Automatic,Petrol,43008
Lexus,UX200,2022,47459,Good,CVT,Petrol,128455
Lexus,RX350,2014,157986,Fair,CVT,Petrol,98906
Lexus,IS250,2022,31447,Good,Automatic,Hybrid,93610
Lexus,IS250,2014,160762,Fair,Automatic,Petrol,41186
Lexus,RX350,2011,210974,Good,Automatic,Petrol,66078
Lexus,IS250,2013,183155,Good,Automatic,Petrol,34484
Lexus,ES250,2020,66885,Excellent,CVT,Petrol,87239
Lexus,IS250,2017,141668,Fair,CVT,Petrol,63815
Lexus,NX300,2013,185464,Good,Automatic,Petrol,66825
Lexus,NX300,2012,216959,Fair,CVT,Petrol,81092
Lexus,UX200,2025,13538,Excellent,CVT,Petrol,139273
Lexus,IS250,2023,48544,Good,CVT,Hybrid,79625
Lexus,RX350,2022,48464,Excellent,CVT,Petrol,247513
Lexus,UX200,2019,85162,Good,CVT,Petrol,130117
Lexus,ES250,2014,158777,Good,Automatic,Petrol,94928
Lexus,ES250,2024,15435,Like New,Automatic,Petrol,130365
Lexus,ES250,2016,156753,Fair,Automatic,Hybrid,71645
Lexus,NX300,2015,157112,Fair,CVT,Petrol,65136
Lexus,RX350,2025,12659,Like New,CVT,Hybrid,243547
Lexus,ES250,2024,12420,Like New,CVT,Hybrid,186491
Lexus,NX300,2011,215285,Fair,CVT,Petrol,44223
Lexus,IS250,2012,164546,Fair,Automatic,Petrol,37553
Lexus,NX300,2019,89387,Fair,Automatic,Petrol,56636
Lexus,ES250,2024,13957,Excellent,CVT,Petrol,139836
Lexus,ES250,2018,98407,Good,Automatic,Petrol,66527
Lexus,UX200,2015,170061,Good,CVT,Hybrid,112148
Lexus,ES250,2021,73018,Like New,CVT,Petrol,73562
Lexus,NX300,2021,72296,Fair,CVT,Petrol,99710
Lexus,IS250,2017,143038,Fair,CVT,Hybrid,34874
Lexus,RX350,2025,8137,Like New,CVT,Hybrid,178615
Lexus,NX300,2023,37923,Good,CVT,Petrol,139730
Lexus,UX200,2010,217583,Poor,Automatic,Petrol,40936
Lexus,ES250,2019,85639,Excellent,CVT,Hybrid,77477
Lexus,NX300,2018,89294,Fair,CVT,Petrol,114879
Lexus,RX350,2024,5171,New,CVT,Hybrid,174774
Lexus,NX300,2022,59204,Excellent,Automatic,Hybrid,205209
Lexus,RX350,2014,177098,Poor,CVT,Petrol,52746
Lexus,RX350,2013,178083,Fair,Automatic,Petrol,69884
Lexus,ES250,2022,49697,Excellent,CVT,Petrol,180696
Lexus,RX350,2017,129520,Fair,Automatic,Petrol,47310
Lexus,ES250,2025,21460,New,CVT,Hybrid,162146
Lexus,UX200,2012,210076,Fair,CVT,Petrol,55117
Lexus,RX350,2015,159714,Fair,Automatic,Petrol,57352
Lexus,ES250,2010,230313,Poor,Automatic,Petrol,27548
Lexus,ES250,2025,3000,New,Automatic,Petrol,119828
Lexus,RX350,2022,31541,Excellent,Automatic,Petrol,254741
Lexus,ES250,2016,127726,Good,CVT,Hybrid,115506
Lexus,ES250,2019,87406,Good,CVT,Hybrid,137197
Lexus,UX200,2011,218243,Fair,CVT,Petrol,57037
Lexus,RX350,2025,14840,Like New,CVT,Petrol,193940
Lexus,NX300,2023,9639,Excellent,CVT,Hybrid,121592
Lexus,RX350,2022,52332,Excellent,CVT,Hybrid,151979
Lexus,RX350,2021,47190,Good,Automatic,Hybrid,129218
Lexus,UX200,2016,122010,Fair,Automatic,Petrol,69983
Lexus,IS250,2019,105316,Good,CVT,Hybrid,105739
Lexus,RX350,2019,89356,Good,Automatic,Hybrid,113744
Lexus,ES250,2011,206783,Fair,Automatic,Petrol,63327
Lexus,UX200,2022,48438,Fair,Automatic,Hybrid,92620
Lexus,RX350,2022,47430,Fair,CVT,Hybrid,144208
Lexus,NX300,2022,51575,Good,CVT,Petrol,186374
Lexus,IS250,2025,3000,Excellent,CVT,Petrol,84248
Lexus,UX200,2018,113552,Fair,CVT,Petrol,91269
Lexus,RX350,2013,167314,Fair,CVT,Petrol,94579
Lexus,UX200,2017,116749,Good,Automatic,Petrol,95907
Lexus,UX200,2015,139229,Fair,CVT,Hybrid,100498
Lexus,RX350,2015,162143,Good,Automatic,Petrol,66955
Lexus,RX350,2012,188323,Poor,CVT,Petrol,29605
Lexus,UX200,2011,217683,Fair,Automatic,Petrol,56334
Lexus,NX300,2011,212105,Poor,CVT,Petrol,43643
Lexus,RX350,2023,22070,Excellent,CVT,Petrol,145690
Lexus,NX300,2017,116755,Fair,CVT,Petrol,96782
Lexus,UX200,2022,56173,Excellent,Automatic,Petrol,137977
Lexus,NX300,2025,3000,New,CVT,Hybrid,260000
Lexus,NX300,2024,3000,New,CVT,Petrol,163766
Lexus,NX300,2015,147428,Excellent,Automatic,Petrol,95367
Lexus,IS250,2022,47355,Excellent,CVT,Petrol,81550
Lexus,NX300,2015,167456,Good,CVT,Petrol,110962
Lexus,NX300,2020,70703,Excellent,CVT,Petrol,163302
Lexus,IS250,2025,3748,Like New,Automatic,Hybrid,146682
Lexus,IS250,2025,3000,New,Automatic,Hybrid,138441
Lexus,NX300,2023,25255,Like New,CVT,Hybrid,124365
Lexus,UX200,2018,104702,Good,CVT,Petrol,127703
Lexus,ES250,2010,210903,Fair,Automatic,Petrol,60097
Lexus,UX200,2010,227950,Poor,CVT,Petrol,38843
Lexus,NX300,2025,7178,Excellent,CVT,Petrol,196845
Lexus,IS250,2023,41282,Good,Automatic,Hybrid,110361
Lexus,RX350,2023,45919,Good,Automatic,Hybrid,166832
Lexus,ES250,2010,226924,Fair,Automatic,Petrol,49284
Lexus,NX300,2025,20717,Excellent,CVT,Petrol,109802
Lexus,UX200,2025,5437,New,CVT,Petrol,184253
Lexus,IS250,2021,73912,Excellent,CVT,Petrol,40612
Lexus,UX200,2020,96709,Excellent,Automatic,Petrol,144797
Lexus,ES250,2020,92088,Excellent,Automatic,Petrol,144494
Lexus,NX300,2017,132642,Good,Automatic,Hybrid,69533
Lexus,ES250,2015,138210,Fair,Automatic,Petrol,60732
Lexus,NX300,2023,25334,Excellent,CVT,Petrol,171893
Lexus,RX350,2024,16893,New,CVT,Petrol,143492
Lexus,NX300,2020,71820,Fair,CVT,Petrol,88682
Lexus,IS250,2022,51328,Like New,CVT,Hybrid,121455
Lexus,UX200,2018,102157,Good,Automatic,Hybrid,131747
Lexus,RX350,2012,185801,Fair,Automatic,Petrol,66635
Lexus,ES250,2018,107720,Fair,CVT,Hybrid,46913
Lexus,NX300,2024,34828,Like New,CVT,Petrol,136247
Lexus,NX300,2023,37882,Good,CVT,Petrol,172981
Lexus,NX300,2019,96972,Poor,Automatic,Petrol,85348
Lexus,ES250,2016,153799,Excellent,CVT,Hybrid,132043
Lexus,RX350,2025,15337,Like New,CVT,Hybrid,248582
Lexus,UX200,2024,39582,New,CVT,Petrol,196545
Lexus,IS250,2014,177382,Fair,CVT,Petrol,31147
Lexus,ES250,2016,139626,Good,Automatic,Hybrid,67279
Lexus,NX300,2019,92325,Good,CVT,Hybrid,128766
Lexus,IS250,2024,23182,New,CVT,Petrol,168462
Lexus,ES250,2018,94227,Good,CVT,Petrol,144554
Lexus,ES250,2011,187924,Good,CVT,Petrol,38066
Lexus,IS250,2012,187084,Fair,CVT,Petrol,43420
Lexus,IS250,2025,24877,New,CVT,Petrol,144103
Lexus,ES250,2023,44998,Excellent,CVT,Petrol,75742
Lexus,IS250,2017,135630,Good,Automatic,Petrol,76312
Lexus,ES250,2025,3000,New,Automatic,Petrol,194948
Lexus,IS250,2010,221370,Poor,Automatic,Petrol,26263
Lexus,ES250,2022,28310,Good,CVT,Hybrid,132891
Lexus,RX350,2017,122122,Fair,CVT,Petrol,71966
Lexus,NX300,2010,212777,Poor,CVT,Petrol,41506
Lexus,NX300,2015,147189,Fair,Automatic,Petrol,52718
Lexus,IS250,2019,106848,Excellent,CVT,Petrol,78919
Lexus,ES250,2018,95403,Fair,CVT,Petrol,72743
Lexus,UX200,2010,202241,Fair,CVT,Petrol,59610
Lexus,ES250,2020,91818,Like New,Automatic,Hybrid,188116
Lexus,RX350,2012,193844,Fair,Automatic,Petrol,59369
Lexus,NX300,2012,170567,Fair,CVT,Petrol,72124
Lexus,RX350,2016,158096,Fair,Automatic,Hybrid,73667
Lexus,UX200,2024,3000,New,CVT,Petrol,167814
Lexus,RX350,2024,3288,New,CVT,Petrol,279956
Lexus,IS250,2021,82499,Excellent,Automatic,Petrol,130049
Lexus,IS250,2012,179664,Fair,CVT,Petrol,46091
Lexus,IS250,2011,230459,Fair,Automatic,Petrol,26567
Lexus,NX300,2024,32254,New,Automatic,Petrol,178863
Lexus,NX300,2016,117950,Excellent,CVT,Petrol,123075
Lexus,NX300,2023,38134,Excellent,Automatic,Petrol,168891
Lexus,IS250,2015,139212,Good,Automatic,Petrol,63057
Lexus,NX300,2025,7173,New,CVT,Petrol,121428
Lexus,UX200,2024,3000,Excellent,CVT,Petrol,127489
Lexus,RX350,2023,21574,Good,Automatic,Hybrid,226372
Lexus,IS250,2022,46919,Fair,CVT,Hybrid,67339
Lexus,NX300,2024,3000,Excellent,CVT,Petrol,93197
Lexus,RX350,2021,52831,Good,Automatic,Petrol,88177
Lexus,RX350,2013,181688,Good,Automatic,Petrol,76514
Lexus,IS250,2017,128808,Excellent,CVT,Petrol,85569
Lexus,NX300,2019,109330,Good,CVT,Petrol,106662
Lexus,UX200,2024,17793,New,CVT,Hybrid,200000
Lexus,ES250,2011,226067,Fair,CVT,Petrol,29023
Lexus,UX200,2015,134678,Good,Automatic,Petrol,91469
Lexus,NX300,2010,232820,Poor,Automatic,Petrol,30068
Lexus,ES250,2019,84869,Fair,Automatic,Hybrid,106561
Lexus,UX200,2025,16220,Like New,CVT,Hybrid,136562
Lexus,NX300,2022,55829,Like New,Automatic,Petrol,164764
Lexus,IS250,2016,153398,Good,Automatic,Hybrid,84265
Lexus,NX300,2014,172106,Fair,Automatic,Petrol,76445
Lexus,UX200,2023,10722,Excellent,CVT,Petrol,127859
Lexus,ES250,2014,162091,Fair,CVT,Petrol,30014
Lexus,NX300,2019,90986,Good,CVT,Hybrid,104012
Lexus,IS250,2015,145414,Fair,Automatic,Petrol,25074
Lexus,RX350,2013,159892,Poor,Automatic,Petrol,41761
Lexus,NX300,2021,64024,Like New,CVT,Petrol,180736
Lexus,ES250,2022,42373,Excellent,Automatic,Hybrid,73232
Lexus,UX200,2017,131411,Good,Automatic,Hybrid,106688
Lexus,RX350,2025,9862,New,Automatic,Petrol,221710
Lexus,UX200,2016,131969,Good,CVT,Petrol,98307
Lexus,NX300,2019,71615,Good,CVT,Petrol,157194
Lexus,NX300,2019,87016,Good,Automatic,Hybrid,129110
Lexus,ES250,2022,22802,Excellent,CVT,Hybrid,130038
Lexus,ES250,2021,66077,Excellent,CVT,Petrol,97472
Lexus,IS250,2016,139616,Poor,CVT,Petrol,15865
Lexus,ES250,2015,135263,Fair,Automatic,Hybrid,75893
Lexus,IS250,2010,234585,Fair,Automatic,Petrol,28469
Lexus,IS250,2012,198193,Fair,Automatic,Petrol,26686
Lexus,IS250,2023,42164,Fair,Automatic,Petrol,86117
Lexus,ES250,2010,236228,Good,Automatic,Petrol,29544
Lexus,NX300,2025,3000,New,CVT,Petrol,214486
Lexus,IS250,2025,3000,Like New,CVT,Petrol,71058
Lexus,ES250,2011,200968,Fair,Automatic,Petrol,39143
Lexus,UX200,2014,179315,Fair,Automatic,Petrol,60366
Lexus,ES250,2021,68051,Good,Automatic,Hybrid,49238
Lexus,NX300,2025,3000,New,CVT,Petrol,225238
Lexus,UX200,2023,29865,Like New,CVT,Hybrid,177706
Lexus,ES250,2018,94284,Good,CVT,Petrol,130038
Lexus,UX200,2020,75588,Good,CVT,Petrol,110816
Lexus,IS250,2022,58674,Like New,CVT,Petrol,64569
Lexus,ES250,2020,90794,Good,Automatic,Hybrid,115323
Lexus,IS250,2016,142359,Good,CVT,Petrol,59836
Lexus,ES250,2014,164044,Fair,Automatic,Petrol,29127
Lexus,IS250,2017,121280,Fair,CVT,Hybrid,68844
Lexus,IS250,2013,176890,Fair,Automatic,Petrol,25376
Lexus,NX300,2018,109275,Fair,CVT,Hybrid,75423
Lexus,NX300,2012,195846,Poor,Automatic,Petrol,32494
Lexus,IS250,2016,157112,Good,Automatic,Petrol,62643
Lexus,UX200,2018,102597,Good,CVT,Petrol,110326
Lexus,UX200,2015,161728,Good,Automatic,Petrol,92651
Lexus,UX200,2025,23743,Excellent,CVT,Petrol,132967
Lexus,UX200,2010,239407,Poor,CVT,Petrol,45597
Lexus,ES250,2025,5775,Like New,Automatic,Petrol,64391
Lexus,IS250,2021,40004,Good,CVT,Hybrid,112091
Lexus,NX300,2016,139258,Good,CVT,Petrol,108131
Lexus,NX300,2025,3000,Like New,CVT,Hybrid,151884
Lexus,NX300,2021,45033,Good,Automatic,Hybrid,197548
Lexus,ES250,2025,12799,Excellent,CVT,Hybrid,122577
Lexus,ES250,2021,65971,Excellent,CVT,Petrol,109520
Lexus,NX300,2023,42971,Good,CVT,Petrol,171507
Lexus,NX300,2011,195636,Fair,Automatic,Petrol,76747
Lexus,IS250,2015,169090,Fair,Automatic,Petrol,46472
Lexus,ES250,2025,10667,New,CVT,Petrol,221936
Lexus,UX200,2018,100350,Good,Automatic,Hybrid,132168
Lexus,IS250,2025,24205,Excellent,CVT,Petrol,91222
Lexus,NX300,2025,3000,New,CVT,Petrol,132358
Lexus,ES250,2021,78842,Like New,CVT,Hybrid,144922
Lexus,UX200,2020,59735,Excellent,Automatic,Petrol,162910
Lexus,NX300,2023,36828,Like New,CVT,Hybrid,132686
Lexus,IS250,2024,3000,New,CVT,Petrol,158947
Lexus,IS250,2020,74396,Excellent,Automatic,Petrol,51184
Lexus,NX300,2024,3000,New,Automatic,Petrol,160825
Lexus,UX200,2022,33277,Excellent,CVT,Hybrid,136096
Lexus,RX350,2012,220616,Good,Automatic,Petrol,107774
Lexus,UX200,2021,58886,Like New,Automatic,Petrol,159822
Lexus,RX350,2018,100717,Fair,Automatic,Petrol,117592
Lexus,ES250,2018,101445,Excellent,CVT,Petrol,131661
Lexus,RX350,2022,13958,Like New,CVT,Hybrid,305189
Lexus,ES250,2020,50306,Good,Automatic,Petrol,133884
Lexus,NX300,2022,62514,Good,Automatic,Petrol,184464
Lexus,IS250,2015,143874,Good,CVT,Petrol,60642
Lexus,NX300,2023,42163,Excellent,CVT,Hybrid,146015
Lexus,RX350,2013,191727,Fair,Automatic,Petrol,46516
Lexus,RX350,2024,24128,New,CVT,Petrol,207729
Lexus,RX350,2015,150564,Poor,Automatic,Hybrid,69879
Lexus,NX300,2018,106586,Excellent,CVT,Hybrid,183486
Lexus,NX300,2013,175444,Fair,Automatic,Petrol,87650
Lexus,IS250,2017,115074,Excellent,CVT,Hybrid,84620
Lexus,IS250,2019,71104,Excellent,Automatic,Petrol,34097
Lexus,ES250,2015,158150,Fair,CVT,Petrol,79298
Lexus,RX350,2020,70160,Excellent,CVT,Hybrid,258862
Lexus,RX350,2025,3000,Like New,Automatic,Hybrid,292673
Lexus,ES250,2010,226328,Good,CVT,Petrol,61141
Lexus,UX200,2020,48635,Like New,Automatic,Petrol,153641
Lexus,IS250,2019,77789,Fair,Automatic,Petrol,66404
Lexus,NX300,2019,83770,Fair,CVT,Petrol,126173
Lexus,RX350,2014,160324,Fair,Automatic,Petrol,59683
Lexus,UX200,2022,43721,Excellent,CVT,Hybrid,167455
Lexus,UX200,2025,13289,New,CVT,Hybrid,169519
Lexus,ES250,2024,8955,New,Automatic,Petrol,67065
Lexus,ES250,2022,57657,Like New,CVT,Petrol,111801
Lexus,ES250,2011,220516,Poor,Automatic,Petrol,19190
Lexus,UX200,2022,70509,Good,Automatic,Petrol,127777
Lexus,RX350,2025,19825,New,Automatic,Petrol,265887
Lexus,ES250,2015,165193,Fair,CVT,Petrol,39933
Lexus,UX200,2019,102869,Good,CVT,Petrol,106366
Lexus,NX300,2016,137932,Good,CVT,Petrol,142707
Lexus,ES250,2017,119812,Fair,CVT,Petrol,36166
Lexus,UX200,2022,57453,Excellent,Automatic,Hybrid,153292
Lexus,ES250,2019,81053,Fair,CVT,Petrol,32698
Lexus,NX300,2019,102272,Fair,CVT,Petrol,62504
Lexus,RX350,2015,153715,Fair,Automatic,Hybrid,40672
Lexus,ES250,2015,155199,Good,CVT,Petrol,104484
Lexus,ES250,2015,135504,Poor,CVT,Petrol,52258
Lexus,RX350,2025,3000,New,CVT,Petrol,112841
Lexus,RX350,2020,79525,Good,CVT,Hybrid,171916
Lexus,RX350,2022,55125,Good,Automatic,Petrol,215744
Lexus,ES250,2024,8647,New,Automatic,Hybrid,72158
Lexus,IS250,2014,167914,Poor,Automatic,Petrol,17339
Lexus,ES250,2020,46595,Excellent,CVT,Petrol,48851
Lexus,UX200,2018,104517,Good,Automatic,Hybrid,141071
Lexus,RX350,2020,77697,Excellent,CVT,Petrol,160293
Lexus,UX200,2019,98258,Good,CVT,Hybrid,108155
Lexus,ES250,2017,109694,Good,Automatic,Petrol,105773
Lexus,ES250,2025,3000,Like New,CVT,Petrol,156084
Lexus,ES250,2024,3309,New,Automatic,Petrol,88182
Lexus,NX300,2014,152950,Poor,CVT,Petrol,65917
Lexus,UX200,2023,27965,Excellent,Automatic,Petrol,141923
Lexus,NX300,2024,27553,Excellent,CVT,Hybrid,211920
Lexus,RX350,2019,85741,Poor,Automatic,Petrol,80467
Lexus,NX300,2023,39785,Like New,Automatic,Hybrid,154715
Lexus,NX300,2015,165245,Good,CVT,Petrol,111914
Lexus,UX200,2018,94691,Good,CVT,Petrol,105491
Lexus,RX350,2025,3000,Like New,Automatic,Petrol,228013
Lexus,IS250,2014,195912,Fair,Automatic,Petrol,16815
Lexus,UX200,2018,118866,Poor,Automatic,Hybrid,71771
Lexus,RX350,2019,87388,Good,Automatic,Hybrid,83344
Lexus,IS250,2022,60010,Good,CVT,Hybrid,63660
Lexus,RX350,2012,195094,Poor,Automatic,Petrol,27147
Lexus,NX300,2022,46414,Good,CVT,Petrol,176730
Lexus,RX350,2014,156671,Fair,Automatic,Petrol,44579
Lexus,IS250,2016,124360,Good,Automatic,Petrol,37674
Lexus,UX200,2017,113915,Good,CVT,Petrol,93231
Lexus,UX200,2016,137050,Fair,CVT,Hybrid,104814
Lexus,ES250,2013,139365,Fair,CVT,Petrol,31002
Lexus,ES250,2020,44138,Excellent,CVT,Petrol,122518
Lexus,UX200,2024,3000,Like New,Automatic,Petrol,153661
Lexus,UX200,2018,113763,Good,CVT,Petrol,107744
Lexus,IS250,2014,188688,Fair,CVT,Petrol,30110
Lexus,ES250,2022,48777,Excellent,Automatic,Hybrid,66653
Lexus,ES250,2019,106092,Poor,CVT,Hybrid,57006
Lexus,ES250,2017,134127,Fair,Automatic,Hybrid,59870
Lexus,ES250,2019,78592,Good,CVT,Petrol,42168
Lexus,UX200,2019,92710,Good,Automatic,Petrol,104882
Lexus,ES250,2019,75877,Excellent,CVT,Petrol,127706
Lexus,UX200,2024,7042,New,CVT,Petrol,130813
Lexus,UX200,2016,149359,Good,CVT,Petrol,102270
Lexus,IS250,2017,133076,Fair,Automatic,Petrol,61031
Lexus,IS250,2024,34922,New,Automatic,Hybrid,103519
Lexus,ES250,2024,26253,Like New,CVT,Petrol,136785
Lexus,ES250,2019,86328,Fair,CVT,Petrol,71877
Lexus,NX300,2024,18021,New,CVT,Petrol,125709
Lexus,RX350,2025,13626,Like New,CVT,Petrol,276674
Lexus,ES250,2018,98511,Fair,CVT,Petrol,39591
Lexus,UX200,2020,64991,Excellent,CVT,Hybrid,128372
Lexus,NX300,2022,70384,Excellent,Automatic,Hybrid,186475
Lexus,IS250,2013,162721,Poor,CVT,Petrol,36443
Lexus,ES250,2022,33718,Excellent,Automatic,Petrol,124034
Lexus,NX300,2025,3000,Good,Automatic,Petrol,85046
Lexus,RX350,2011,206851,Fair,CVT,Petrol,41876
Lexus,IS250,2020,64434,Excellent,CVT,Petrol,54446
Lexus,RX350,2025,3302,Excellent,Automatic,Petrol,85405
Lexus,UX200,2023,35322,Good,CVT,Petrol,126064
Lexus,UX200,2019,81426,Good,Automatic,Petrol,95704
Lexus,RX350,2018,82688,Good,CVT,Petrol,100531
Lexus,UX200,2016,159479,Excellent,CVT,Hybrid,122174
Lexus,RX350,2025,20674,Excellent,CVT,Petrol,163871
Lexus,ES250,2025,37192,Excellent,CVT,Petrol,193855
Lexus,RX350,2017,118283,Fair,Automatic,Hybrid,139918
Lexus,ES250,2021,50836,Good,Automatic,Hybrid,116513
Lexus,UX200,2011,211022,Fair,CVT,Petrol,64838
Lexus,IS250,2020,87721,Excellent,Automatic,Hybrid,100045
Lexus,RX350,2010,211223,Fair,Automatic,Petrol,31808
Lexus,IS250,2024,23155,New,Automatic,Hybrid,170000
Lexus,UX200,2015,152085,Good,Automatic,Petrol,91896
Lexus,RX350,2022,33069,Fair,CVT,Petrol,55620
Lexus,IS250,2018,112417,Good,CVT,Hybrid,61006
Lexus,ES250,2018,114508,Fair,CVT,Petrol,71141
Lexus,ES250,2015,134090,Poor,Automatic,Hybrid,42482
Lexus,RX350,2021,72181,Excellent,Automatic,Petrol,96541
Lexus,IS250,2011,202429,Good,CVT,Petrol,59116
Lexus,RX350,2015,144735,Fair,CVT,Hybrid,101861
Lexus,IS250,2020,60282,Excellent,CVT,Petrol,125510
Lexus,ES250,2016,130781,Fair,CVT,Petrol,85013
Lexus,NX300,2015,162463,Good,CVT,Petrol,124784
Lexus,IS250,2023,55983,Good,CVT,Petrol,120648
Lexus,UX200,2021,44909,Like New,Automatic,Petrol,135175
Lexus,NX300,2011,231915,Poor,Automatic,Petrol,29483
Lexus,IS250,2021,57049,Like New,CVT,Hybrid,74716
Lexus,UX200,2017,143606,Good,CVT,Petrol,106238
Lexus,IS250,2015,149888,Good,CVT,Petrol,72416
Lexus,ES250,2021,67980,Excellent,CVT,Petrol,182037
Lexus,RX350,2022,40264,Good,Automatic,Petrol,86449
Lexus,IS250,2010,225606,Fair,CVT,Petrol,36268
Lexus,RX350,2025,13497,Excellent,CVT,Hybrid,301901
Lexus,UX200,2016,142231,Good,Automatic,Petrol,98361
Lexus,NX300,2011,203537,Good,Automatic,Petrol,82621
Lexus,UX200,2013,162325,Fair,Automatic,Petrol,81611
Lexus,NX300,2013,187050,Fair,Automatic,Petrol,49277
Lexus,UX200,2021,76837,Fair,CVT,Petrol,75285
Lexus,NX300,2017,128587,Fair,Automatic,Petrol,83454
Lexus,NX300,2023,5672,Good,CVT,Hybrid,217024
Lexus,RX350,2012,197473,Good,CVT,Petrol,117992
Lexus,RX350,2021,60354,Like New,Automatic,Petrol,180756
Lexus,IS250,2021,39892,Excellent,Automatic,Petrol,60387
Lexus,ES250,2024,30576,Like New,CVT,Petrol,61010
Lexus,ES250,2024,8797,Like New,CVT,Hybrid,200473
Lexus,RX350,2016,142226,Fair,CVT,Petrol,65498
Lexus,IS250,2018,110196,Poor,CVT,Petrol,31192
Lexus,UX200,2018,104185,Poor,CVT,Hybrid,66924
Lexus,NX300,2012,202238,Fair,Automatic,Petrol,47724
Lexus,ES250,2022,27014,Good,CVT,Petrol,83241
Lexus,UX200,2022,27241,Excellent,Automatic,Hybrid,169569
Lexus,NX300,2020,78713,Excellent,Automatic,Petrol,158302
Lexus,IS250,2024,3000,Like New,CVT,Hybrid,130370
Lexus,ES250,2022,62353,Fair,CVT,Hybrid,95020
Lexus,UX200,2021,37789,Good,CVT,Hybrid,134519
Lexus,IS250,2013,160221,Fair,Automatic,Petrol,44354
Lexus,ES250,2025,3000,Like New,Automatic,Petrol,106742
Lexus,IS250,2021,54865,Good,CVT,Hybrid,94738
Lexus,NX300,2022,37994,Excellent,Automatic,Petrol,173474
Lexus,NX300,2018,118474,Good,CVT,Hybrid,144799
Lexus,NX300,2019,87296,Fair,CVT,Petrol,53572
Lexus,IS250,2021,64606,Good,Automatic,Hybrid,105402
Lexus,RX350,2023,36744,Fair,Automatic,Hybrid,80830
Lexus,IS250,2016,144779,Good,Automatic,Petrol,65844
Lexus,RX350,2011,202290,Poor,Automatic,Petrol,41762
Lexus,UX200,2011,199756,Fair,CVT,Petrol,76043
Lexus,IS250,2025,10965,New,CVT,Petrol,144805
Lexus,ES250,2024,3000,Like New,Automatic,Hybrid,194073
Lexus,UX200,2021,72785,Good,CVT,Petrol,114053
Lexus,NX300,2011,213890,Fair,Automatic,Petrol,50088
Lexus,UX200,2014,160862,Fair,CVT,Petrol,85471
Lexus,RX350,2011,228660,Good,Automatic,Petrol,102927
Lexus,NX300,2020,100094,Excellent,CVT,Hybrid,173647
Lexus,RX350,2011,224599,Good,CVT,Petrol,99323
Lexus,NX300,2011,192295,Fair,CVT,Petrol,68114
Lexus,ES250,2015,136560,Fair,CVT,Petrol,27582
Lexus,IS250,2018,88186,Good,CVT,Petrol,83217
Lexus,UX200,2012,202840,Fair,Automatic,Petrol,70196
Lexus,NX300,2022,45920,Excellent,Automatic,Petrol,189304
Toyota,Camry,2018,110610,Good,Automatic,Petrol,98330
Toyota,Hilux,2017,123860,Excellent,Automatic,Petrol,74590
Toyota,Corolla,2018,96311,Good,CVT,Petrol,62775
Toyota,RAV4,2018,86317,Fair,Automatic,Petrol,16594
Toyota,Corolla,2023,24173,Good,CVT,Petrol,25072
Toyota,Corolla,2017,108879,Poor,Automatic,Petrol,23454
Toyota,RAV4,2023,41073,Good,Manual,Petrol,47414
Toyota,Vios,2021,54354,Like New,CVT,Petrol,68783
Toyota,Vios,2025,26005,New,CVT,Petrol,50583
Toyota,Vios,2013,162897,Good,Manual,Petrol,27563
Toyota,Hilux,2014,157594,Fair,Automatic,Petrol,25082
Toyota,Camry,2013,192121,Good,Manual,Petrol,59546
Toyota,Camry,2013,150982,Fair,Automatic,Petrol,48159
Toyota,Corolla,2022,34981,Excellent,CVT,Petrol,79931
Toyota,Hilux,2022,28689,Good,CVT,Petrol,103661
Toyota,Hilux,2025,1000,New,CVT,Petrol,126036
Toyota,Hilux,2016,126087,Good,Manual,Petrol,76993
Toyota,RAV4,2019,85913,Poor,Manual,Petrol,35068
Toyota,Hilux,2015,141637,Good,Manual,Petrol,54417
Toyota,Hilux,2017,94115,Fair,Automatic,Petrol,39146
Toyota,Vios,2010,239741,Fair,Manual,Petrol,9969
Toyota,RAV4,2019,92548,Good,Automatic,Petrol,34430
Toyota,Hilux,2021,53451,Excellent,Automatic,Petrol,116271
Toyota,RAV4,2021,57118,Excellent,CVT,Petrol,68008
Toyota,Corolla,2019,93609,Good,Automatic,Petrol,64313
Toyota,Camry,2011,199300,Poor,Manual,Petrol,30144
Toyota,Vios,2021,59486,Excellent,Automatic,Petrol,18914
Toyota,Camry,2013,180496,Fair,Automatic,Petrol,43156
Toyota,Hilux,2019,93742,Good,Automatic,Petrol,77818
Toyota,Hilux,2024,13390,Excellent,CVT,Petrol,112887
Toyota,Camry,2014,158435,Good,Automatic,Petrol,81278
Toyota,RAV4,2015,145281,Excellent,CVT,Petrol,81952
Toyota,Camry,2015,152653,Good,Automatic,Petrol,33400
Toyota,Vios,2024,7794,New,Automatic,Petrol,27506
Toyota,RAV4,2019,99574,Fair,CVT,Petrol,75330
Toyota,Hilux,2014,142729,Fair,Manual,Petrol,20216
Toyota,Corolla,2010,224215,Fair,Automatic,Petrol,13203
Toyota,RAV4,2019,95753,Fair,CVT,Petrol,24504
Toyota,Vios,2012,183464,Good,CVT,Petrol,9221
Toyota,RAV4,2018,97886,Good,CVT,Petrol,74261
Toyota,Corolla,2023,39228,Fair,Automatic,Petrol,64872
Toyota,RAV4,2022,66819,Good,CVT,Petrol,127492
Toyota,Hilux,2015,144890,Good,CVT,Petrol,18653
Toyota,Camry,2019,70691,Excellent,Automatic,Petrol,42791
Toyota,Corolla,2022,65547,Good,Automatic,Petrol,63043
Toyota,Corolla,2019,73827,Good,Automatic,Petrol,56592
Toyota,Camry,2020,82575,Good,Automatic,Petrol,44118
Toyota,RAV4,2012,185406,Good,Manual,Petrol,31072
Toyota,Hilux,2012,176815,Fair,Automatic,Petrol,37253
Toyota,Hilux,2015,142030,Excellent,Automatic,Petrol,79056
Toyota,RAV4,2018,112235,Good,CVT,Petrol,92973
Toyota,Camry,2020,75063,Excellent,CVT,Hybrid,130209
Toyota,Hilux,2023,7052,Excellent,CVT,Petrol,50233
Toyota,Vios,2020,74177,Good,CVT,Petrol,42677
Toyota,Camry,2015,124949,Good,Automatic,Petrol,48372
Toyota,Corolla,2020,85524,Like New,Automatic,Petrol,89175
Toyota,Camry,2024,30833,New,Automatic,Petrol,150184
Toyota,Corolla,2015,145806,Good,CVT,Petrol,14409
Toyota,RAV4,2022,48578,Like New,CVT,Petrol,143302
Toyota,Corolla,2018,93655,Good,Automatic,Petrol,65870
Toyota,RAV4,2019,90637,Fair,CVT,Petrol,57589
Toyota,Vios,2025,10849,New,CVT,Petrol,82138
Toyota,Vios,2025,1258,New,CVT,Petrol,25419
Toyota,Corolla,2024,20958,Excellent,CVT,Petrol,60068
Toyota,Camry,2024,10596,Like New,Automatic,Petrol,125820
Toyota,Hilux,2015,142374,Fair,Automatic,Petrol,42260
Toyota,RAV4,2020,80773,Excellent,CVT,Petrol,24335
Toyota,Corolla,2022,43473,Good,Automatic,Petrol,25880
Toyota,Hilux,2016,126348,Good,Automatic,Petrol,81894
Toyota,Vios,2018,98393,Poor,Automatic,Petrol,29323
Toyota,Camry,2021,28603,Excellent,CVT,Petrol,133410
Toyota,Camry,2014,150181,Fair,CVT,Petrol,60214
Toyota,Hilux,2025,12892,New,CVT,Petrol,144745
Toyota,RAV4,2016,115943,Good,CVT,Petrol,85909
Toyota,Vios,2022,31290,Excellent,CVT,Petrol,32821
Toyota,Hilux,2025,1000,New,CVT,Petrol,137887
Toyota,Corolla,2021,60261,Like New,CVT,Petrol,67414
Toyota,RAV4,2010,215205,Poor,CVT,Petrol,18762
Toyota,Camry,2023,28205,Good,CVT,Petrol,138055
Toyota,Corolla,2017,92499,Fair,Automatic,Petrol,27905
Toyota,RAV4,2023,14832,Excellent,CVT,Petrol,32364
Toyota,Vios,2023,37140,Good,Automatic,Petrol,36394
Toyota,Vios,2025,1000,Good,CVT,Petrol,43303
Toyota,RAV4,2017,106466,Fair,Automatic,Petrol,35983
Toyota,Corolla,2015,133837,Good,Automatic,Petrol,49525
Toyota,Hilux,2022,49405,Excellent,Automatic,Petrol,88427
Toyota,Vios,2021,39568,Fair,CVT,Petrol,32423
Toyota,RAV4,2024,32269,New,CVT,Petrol,77279
Toyota,Hilux,2018,99454,Good,Automatic,Petrol,79006
Toyota,Camry,2020,62618,Good,CVT,Petrol,66666
Toyota,Vios,2024,1000,Excellent,Automatic,Petrol,16661
Toyota,Vios,2019,72068,Good,CVT,Petrol,26677
Toyota,Corolla,2018,99377,Good,CVT,Petrol,14774
Toyota,Camry,2011,213260,Fair,Manual,Petrol,48528
Toyota,Camry,2025,26691,New,Automatic,Petrol,70713
Toyota,Vios,2015,147167,Good,CVT,Petrol,36707
Toyota,Corolla,2025,1000,Like New,CVT,Petrol,87113
Toyota,Corolla,2018,94088,Good,Automatic,Petrol,47980
Toyota,Corolla,2016,129230,Good,CVT,Petrol,59466
Toyota,Corolla,2021,51328,Good,Automatic,Petrol,77075
Toyota,Camry,2022,43165,Excellent,CVT,Petrol,113536
Toyota,Hilux,2025,20121,New,Automatic,Petrol,60879
Toyota,Corolla,2018,89971,Good,CVT,Petrol,15148
Toyota,Camry,2024,3349,Like New,CVT,Petrol,44272
Toyota,RAV4,2016,115349,Good,Automatic,Petrol,64267
Toyota,Vios,2018,98766,Good,Manual,Petrol,13044
Toyota,Camry,2023,34154,Excellent,CVT,Petrol,60263
Toyota,Camry,2025,12429,New,CVT,Petrol,141758
Toyota,Camry,2018,95892,Fair,Automatic,Petrol,69043
Toyota,Hilux,2011,214375,Poor,CVT,Petrol,20848
Toyota,Hilux,2013,162786,Good,Automatic,Petrol,19164
Toyota,RAV4,2021,50032,Fair,Automatic,Petrol,53092
Toyota,Vios,2017,77929,Good,Automatic,Petrol,44517
Toyota,RAV4,2018,88224,Poor,CVT,Petrol,62345
Toyota,Vios,2020,83545,Good,CVT,Petrol,35091
Toyota,Hilux,2014,139634,Poor,CVT,Petrol,31079
Toyota,RAV4,2021,51450,Good,Automatic,Hybrid,42114
Toyota,Vios,2017,91405,Good,CVT,Petrol,45725
Toyota,Vios,2013,147427,Fair,Manual,Petrol,32263
Toyota,Vios,2025,4792,Like New,Automatic,Petrol,19065
Toyota,Vios,2024,1576,Like New,Automatic,Petrol,81993
Toyota,Camry,2014,152818,Poor,Automatic,Petrol,30587
Toyota,Camry,2023,48632,Good,CVT,Hybrid,132037
Toyota,Corolla,2021,50159,Like New,CVT,Petrol,58550
Toyota,Vios,2014,156856,Fair,Automatic,Petrol,25932
Toyota,Vios,2018,85280,Good,Automatic,Petrol,49263
Toyota,Hilux,2015,136270,Good,Automatic,Petrol,72993
Toyota,RAV4,2017,112487,Good,Automatic,Petrol,44268
Toyota,RAV4,2022,38680,Excellent,CVT,Petrol,127725
Toyota,Hilux,2023,30820,Fair,Automatic,Petrol,22860
Toyota,Vios,2020,64792,Good,Automatic,Petrol,45290
Toyota,Camry,2024,15935,Excellent,CVT,Petrol,142589
Toyota,RAV4,2024,14650,Like New,CVT,Petrol,138661
Toyota,RAV4,2024,5224,New,CVT,Hybrid,115292
Toyota,Camry,2025,1000,New,CVT,Petrol,141787
Toyota,Camry,2024,38340,Excellent,CVT,Petrol,71995
Toyota,RAV4,2020,62424,Like New,CVT,Petrol,65364
Toyota,Camry,2021,55290,Excellent,CVT,Petrol,92874
Toyota,Corolla,2015,146793,Good,CVT,Petrol,53195
Toyota,RAV4,2018,109042,Good,CVT,Petrol,25732
Toyota,Camry,2019,81796,Good,CVT,Petrol,60624
Toyota,Vios,2022,58167,Good,Automatic,Petrol,64305
Toyota,Vios,2022,30986,Fair,Automatic,Petrol,12408
Toyota,Camry,2024,27276,Good,Automatic,Petrol,76305
Toyota,Camry,2022,46474,Like New,CVT,Petrol,144136
Toyota,Vios,2021,51629,Good,Manual,Petrol,19481
Toyota,Vios,2025,12268,New,Manual,Petrol,32120
Toyota,Corolla,2024,3208,New,Automatic,Petrol,39065
Toyota,Corolla,2020,41512,Excellent,CVT,Petrol,61270
Toyota,Camry,2011,185455,Fair,CVT,Petrol,27798
Toyota,Hilux,2025,10299,Excellent,CVT,Petrol,61481
Toyota,Corolla,2013,171232,Good,CVT,Petrol,13885
Toyota,Corolla,2012,179130,Fair,Automatic,Petrol,14645
Toyota,RAV4,2014,147535,Poor,Automatic,Petrol,36463
Toyota,Corolla,2021,64825,Good,CVT,Petrol,32365
Toyota,Camry,2014,148455,Fair,Automatic,Petrol,59180
Toyota,Camry,2017,91466,Good,Automatic,Petrol,86959
Toyota,RAV4,2023,16700,Good,Automatic,Petrol,64551
Toyota,Camry,2018,103175,Good,Automatic,Petrol,86735
Toyota,RAV4,2012,190464,Fair,CVT,Petrol,15067
Toyota,Corolla,2016,122999,Good,Automatic,Petrol,32273
Toyota,Camry,2021,35852,Good,CVT,Petrol,71201
Toyota,Corolla,2023,26714,Good,CVT,Petrol,73526
Toyota,Camry,2010,214344,Poor,Manual,Petrol,30660
Toyota,Hilux,2024,26972,New,CVT,Petrol,99246
Toyota,RAV4,2010,215201,Poor,Automatic,Petrol,16333
Toyota,Camry,2025,19650,New,Automatic,Petrol,77548
Toyota,Vios,2022,55111,Excellent,Automatic,Petrol,62427
Toyota,Hilux,2012,184328,Poor,Manual,Petrol,13769
Toyota,Corolla,2014,144023,Fair,CVT,Petrol,17868
Toyota,Vios,2022,65431,Excellent,Automatic,Petrol,53198
Toyota,Corolla,2012,185760,Poor,Manual,Petrol,21574
Toyota,Corolla,2024,3229,Excellent,CVT,Petrol,52975
Toyota,Vios,2021,56848,Good,CVT,Petrol,36922
Toyota,Corolla,2010,213235,Good,Automatic,Petrol,13076
Toyota,RAV4,2023,34585,Good,CVT,Petrol,113852
Toyota,Corolla,2015,119402,Fair,Automatic,Petrol,26195
Toyota,Hilux,2018,88870,Good,CVT,Petrol,54189
Toyota,Hilux,2025,15984,New,CVT,Petrol,129365
Toyota,Corolla,2016,154543,Good,Manual,Petrol,34352
Toyota,Corolla,2021,50647,Excellent,Manual,Petrol,72401
Toyota,Corolla,2023,22234,Excellent,Automatic,Hybrid,90621
Toyota,Vios,2016,119559,Excellent,Manual,Petrol,48989
Toyota,Hilux,2025,2554,Like New,Automatic,Petrol,36038
Toyota,Vios,2022,33893,Like New,CVT,Petrol,33089
Toyota,Vios,2021,59714,Like New,CVT,Petrol,55644
Toyota,RAV4,2014,164677,Fair,CVT,Petrol,15629
Toyota,RAV4,2019,73031,Good,CVT,Petrol,86999
Toyota,Corolla,2013,164928,Fair,Automatic,Petrol,32135
Toyota,Corolla,2022,41625,Excellent,Automatic,Petrol,20089
Toyota,Corolla,2015,139897,Good,CVT,Petrol,54610
Toyota,Corolla,2025,5882,New,Automatic,Petrol,106186
Toyota,RAV4,2012,175596,Fair,Manual,Petrol,18326
Toyota,Hilux,2018,96743,Excellent,CVT,Petrol,92224
Toyota,Camry,2011,188546,Poor,Manual,Petrol,32375
Toyota,Corolla,2024,12420,New,Automatic,Petrol,107575
Toyota,Hilux,2010,202891,Fair,Automatic,Petrol,42793
Toyota,Corolla,2020,92435,Excellent,CVT,Petrol,58038
Toyota,Corolla,2024,37272,New,CVT,Petrol,98310
Toyota,Vios,2023,50733,Excellent,Automatic,Petrol,70261
Toyota,RAV4,2016,149163,Good,CVT,Petrol,71504
Toyota,Camry,2019,102125,Excellent,CVT,Petrol,57822
Toyota,Vios,2010,211226,Fair,Manual,Petrol,7986
Toyota,Corolla,2017,126428,Good,Automatic,Petrol,38457
Toyota,RAV4,2025,19685,Like New,CVT,Petrol,81645
Toyota,RAV4,2022,62388,Excellent,CVT,Petrol,117342
Toyota,Corolla,2010,208653,Fair,Automatic,Petrol,18666
Toyota,Camry,2016,127152,Fair,CVT,Petrol,65778
Toyota,RAV4,2018,105271,Fair,Automatic,Petrol,53253
Toyota,Vios,2025,9165,New,Automatic,Petrol,34337
Toyota,Vios,2024,1000,Good,Automatic,Petrol,49812
Toyota,Camry,2012,199896,Fair,Manual,Petrol,17473
Toyota,Corolla,2019,95879,Good,CVT,Petrol,53508
Toyota,Corolla,2021,61610,Excellent,CVT,Petrol,44787
Toyota,Camry,2025,11948,New,Automatic,Petrol,133903
Toyota,Hilux,2021,66678,Good,Automatic,Petrol,103535
Toyota,RAV4,2020,53689,Excellent,Automatic,Petrol,53696
Toyota,Corolla,2013,165314,Fair,Automatic,Petrol,12068
Toyota,Vios,2022,30090,Excellent,CVT,Petrol,42873
Toyota,RAV4,2019,69937,Good,CVT,Petrol,24018
Toyota,RAV4,2013,167805,Fair,Manual,Petrol,48639
Toyota,RAV4,2023,9123,Good,Automatic,Petrol,89088
Toyota,Corolla,2022,60249,Excellent,Automatic,Petrol,76451
Toyota,Camry,2023,49796,Excellent,Automatic,Petrol,67729
Toyota,Vios,2014,163768,Poor,Automatic,Petrol,18551
Toyota,Vios,2017,111763,Good,CVT,Petrol,14973
Toyota,Corolla,2017,91440,Good,Automatic,Petrol,47526
Toyota,Vios,2021,72586,Excellent,Automatic,Petrol,42185
Toyota,Vios,2020,78143,Good,Automatic,Petrol,17138
Toyota,Hilux,2022,47736,Excellent,CVT,Petrol,35428
Toyota,Corolla,2016,112559,Poor,Manual,Petrol,36495
Toyota,Vios,2010,200068,Good,CVT,Petrol,17603
Toyota,Hilux,2016,120252,Fair,CVT,Petrol,59824
Toyota,Vios,2018,107482,Good,CVT,Petrol,44529
Toyota,Camry,2024,23641,New,CVT,Petrol,43953
Toyota,Hilux,2020,46887,Good,Automatic,Petrol,43227
Toyota,Hilux,2025,1063,Like New,Automatic,Petrol,63050
Toyota,Corolla,2015,140364,Good,Automatic,Petrol,29592
Toyota,Vios,2021,47745,Good,CVT,Petrol,56248
Toyota,Vios,2016,146080,Fair,Automatic,Petrol,11452
Toyota,Hilux,2022,32952,Good,CVT,Petrol,75501
Toyota,Camry,2020,74592,Excellent,Automatic,Petrol,112027
Toyota,RAV4,2018,99439,Good,Automatic,Petrol,47590
Toyota,Corolla,2021,69100,Like New,CVT,Petrol,88236
Toyota,Corolla,2014,167536,Fair,Automatic,Petrol,11433
Toyota,Corolla,2016,115197,Poor,CVT,Petrol,15766
Toyota,Camry,2023,60608,Excellent,CVT,Petrol,88735
Toyota,Hilux,2017,114384,Good,Manual,Petrol,55903
Toyota,Corolla,2021,48085,Good,CVT,Petrol,50483
Toyota,Corolla,2014,165059,Fair,Automatic,Petrol,28741
Toyota,Hilux,2021,49865,Excellent,CVT,Petrol,118615
Toyota,RAV4,2022,44680,Good,CVT,Petrol,93164
Toyota,Corolla,2014,144171,Good,CVT,Petrol,41654
Toyota,Camry,2010,226420,Fair,Automatic,Petrol,19006
Toyota,RAV4,2023,17407,Like New,Automatic,Petrol,120222
Toyota,RAV4,2018,105708,Excellent,Automatic,Petrol,53742
Toyota,Hilux,2013,182773,Fair,Manual,Petrol,21020
Toyota,Hilux,2022,31699,Excellent,Automatic,Hybrid,35044
Toyota,Hilux,2012,192894,Fair,Manual,Petrol,16858
Toyota,Camry,2012,182447,Fair,Automatic,Petrol,55761
Toyota,RAV4,2012,189628,Fair,Automatic,Petrol,32434
Toyota,Vios,2017,125542,Good,CVT,Petrol,11901
Toyota,Camry,2017,128617,Good,CVT,Petrol,40698
Toyota,RAV4,2018,76962,Good,CVT,Petrol,29867
Toyota,Camry,2020,81404,Like New,CVT,Hybrid,142756
Toyota,Corolla,2016,117636,Good,Automatic,Petrol,38950
Toyota,RAV4,2013,177961,Fair,Automatic,Petrol,19093
Toyota,Vios,2019,77561,Poor,Automatic,Petrol,7343
Toyota,Camry,2015,150887,Excellent,CVT,Petrol,78066
Toyota,Corolla,2024,9394,New,CVT,Petrol,116890
Toyota,Hilux,2024,3335,Like New,CVT,Petrol,102752
Toyota,Hilux,2017,123068,Good,Automatic,Petrol,54521
Toyota,Camry,2023,29406,Good,CVT,Petrol,126262
Toyota,Camry,2022,1000,Good,CVT,Petrol,43177
Toyota,Hilux,2017,110239,Fair,CVT,Petrol,19760
Toyota,Corolla,2022,41022,Excellent,Automatic,Petrol,65342
Toyota,Corolla,2019,85466,Good,CVT,Petrol,70058
Toyota,Vios,2012,188183,Good,Automatic,Petrol,20023
Toyota,Corolla,2017,133639,Good,Manual,Petrol,13805
Toyota,RAV4,2015,125562,Good,Automatic,Petrol,66921
Toyota,Camry,2022,26152,Good,CVT,Petrol,60421
Toyota,Hilux,2019,96836,Good,Automatic,Petrol,57683
Toyota,Camry,2025,1000,New,Automatic,Petrol,141742
Toyota,Corolla,2022,46753,Excellent,Automatic,Petrol,53805
Toyota,RAV4,2011,192642,Poor,CVT,Petrol,21713
Toyota,RAV4,2019,92300,Good,CVT,Petrol,88820
Toyota,Corolla,2025,6788,Like New,CVT,Petrol,76257
Toyota,Camry,2018,90581,Good,Automatic,Petrol,91050
Toyota,Corolla,2014,139570,Fair,Automatic,Petrol,43070
Toyota,Camry,2012,204788,Fair,Automatic,Petrol,49578
Toyota,Vios,2017,111317,Fair,Automatic,Petrol,14113
Toyota,Vios,2025,1000,New,CVT,Petrol,68368
Toyota,Camry,2023,1000,Good,CVT,Petrol,69985
Toyota,Hilux,2017,117410,Fair,Automatic,Petrol,50147
Toyota,RAV4,2025,1000,Like New,CVT,Petrol,94026
Toyota,RAV4,2015,132752,Fair,CVT,Petrol,38779
Toyota,Corolla,2025,13598,New,Automatic,Petrol,44899
Toyota,RAV4,2020,58928,Good,CVT,Petrol,69377
Toyota,Camry,2019,80697,Poor,Automatic,Petrol,38192
Toyota,Hilux,2024,13793,Excellent,Automatic,Petrol,36915
Toyota,RAV4,2025,1000,New,CVT,Petrol,44577
Toyota,Vios,2019,76889,Good,CVT,Petrol,58721
Toyota,Corolla,2022,53683,Like New,CVT,Petrol,53397
Toyota,Hilux,2020,86469,Good,CVT,Petrol,32515
Toyota,Vios,2023,29434,Good,CVT,Petrol,57786
Toyota,Camry,2015,127979,Good,CVT,Petrol,59294
Toyota,Corolla,2019,96366,Good,CVT,Petrol,28912
Toyota,RAV4,2017,112381,Fair,Automatic,Petrol,44015
Toyota,Vios,2013,173457,Good,CVT,Petrol,19442
Toyota,RAV4,2022,47861,Excellent,Automatic,Petrol,53385
Toyota,RAV4,2019,81702,Fair,CVT,Petrol,51862
Toyota,Vios,2024,3233,New,Automatic,Petrol,20786
Toyota,RAV4,2020,62867,Like New,Automatic,Petrol,122987
Toyota,Corolla,2020,62522,Good,Automatic,Petrol,55903
Toyota,Corolla,2021,70729,Excellent,CVT,Petrol,19967
Toyota,Camry,2024,34971,Like New,CVT,Petrol,51568
Toyota,Corolla,2015,155552,Excellent,CVT,Petrol,55281
Toyota,Camry,2022,28106,Good,Automatic,Petrol,120004
Toyota,RAV4,2011,192736,Poor,Automatic,Petrol,11027
Toyota,Hilux,2025,10245,Like New,Automatic,Petrol,82832
Toyota,Camry,2020,35804,Good,CVT,Petrol,56896
Toyota,Camry,2021,64209,Excellent,CVT,Hybrid,134794
Toyota,RAV4,2015,141658,Poor,Manual,Petrol,15740
Toyota,Camry,2024,13651,Excellent,CVT,Petrol,71143
Toyota,Hilux,2022,21562,Excellent,CVT,Petrol,76842
Toyota,Hilux,2016,111629,Excellent,CVT,Petrol,93350
Toyota,RAV4,2014,157691,Fair,Automatic,Petrol,57555
Toyota,Hilux,2022,41388,Good,CVT,Petrol,107022
Toyota,Corolla,2024,4369,Like New,Automatic,Petrol,64638
Toyota,RAV4,2019,73460,Poor,CVT,Petrol,51237
Toyota,Camry,2019,71402,Fair,CVT,Petrol,101942
Toyota,RAV4,2012,173693,Fair,Manual,Petrol,21861
Toyota,Corolla,2011,214885,Fair,Automatic,Petrol,18202
Toyota,Vios,2014,125430,Poor,CVT,Petrol,9234
Toyota,Vios,2021,52284,Fair,Automatic,Petrol,28105
Toyota,Vios,2024,28378,Like New,Automatic,Petrol,17586
Toyota,Hilux,2018,73106,Fair,CVT,Petrol,44836
Toyota,Vios,2019,87901,Fair,Automatic,Petrol,23650
Toyota,Corolla,2015,141185,Good,CVT,Petrol,30182
Toyota,Hilux,2025,1000,Good,Manual,Petrol,74690
Toyota,Hilux,2013,149056,Poor,Automatic,Petrol,26510
Toyota,Hilux,2013,169421,Good,Automatic,Petrol,56041
Toyota,Hilux,2025,1000,New,CVT,Petrol,46675
Toyota,Vios,2025,1000,Good,CVT,Petrol,45151
Toyota,Vios,2023,17547,Like New,CVT,Petrol,20005
Toyota,Camry,2014,157428,Fair,CVT,Petrol,33229
Toyota,Hilux,2019,98978,Good,Automatic,Petrol,90227
Toyota,Hilux,2012,171105,Fair,Manual,Petrol,18287
Toyota,RAV4,2022,36707,Good,CVT,Petrol,124226
Toyota,Hilux,2025,17821,Good,CVT,Petrol,82770
Toyota,RAV4,2025,1000,Good,CVT,Petrol,64546
Toyota,Corolla,2019,75256,Excellent,Manual,Petrol,61198
Toyota,RAV4,2014,165289,Fair,Automatic,Petrol,60811
Toyota,Corolla,2013,156507,Fair,Automatic,Petrol,27869
Toyota,Hilux,2017,131723,Good,Manual,Petrol,25286
Toyota,Camry,2023,44190,Good,Automatic,Petrol,84553
Toyota,Vios,2018,99551,Good,CVT,Petrol,33477
Toyota,Vios,2025,2493,Good,Automatic,Petrol,28787
Toyota,RAV4,2011,193474,Fair,Automatic,Petrol,36668
Toyota,Camry,2016,132948,Good,CVT,Petrol,76118
Toyota,Camry,2015,141320,Poor,Manual,Petrol,27846
Toyota,RAV4,2013,177223,Fair,CVT,Petrol,48951
Toyota,Hilux,2010,214598,Fair,Manual,Petrol,30427
Toyota,Hilux,2021,53562,Excellent,Automatic,Petrol,122637
Toyota,Camry,2023,30511,Like New,Manual,Petrol,43168
Toyota,Vios,2018,112346,Good,CVT,Petrol,21947
Toyota,Camry,2015,156535,Fair,Automatic,Petrol,32245
Toyota,RAV4,2015,136669,Excellent,CVT,Petrol,18798
Toyota,Camry,2020,73217,Good,Automatic,Petrol,79044
Toyota,Hilux,2025,10692,New,CVT,Hybrid,86623
Toyota,Vios,2011,182995,Good,Manual,Petrol,10641
Toyota,Vios,2018,94046,Fair,Automatic,Petrol,27424
Toyota,Corolla,2022,18576,Good,CVT,Petrol,19046
Toyota,Vios,2020,72940,Good,CVT,Petrol,36951
Toyota,Vios,2013,178825,Fair,Manual,Petrol,11050
Toyota,RAV4,2017,123789,Poor,CVT,Petrol,30671
Toyota,Camry,2021,58979,Good,CVT,Petrol,61315
Toyota,Corolla,2017,102109,Good,CVT,Petrol,40558
Toyota,Camry,2011,218598,Fair,CVT,Petrol,18498
Toyota,Hilux,2020,82500,Excellent,Automatic,Petrol,65707
Toyota,Hilux,2022,43707,Good,Automatic,Petrol,48907
Toyota,RAV4,2017,122462,Good,Automatic,Petrol,50074
Toyota,Camry,2014,152904,Fair,Manual,Petrol,57701
Toyota,Hilux,2020,80181,Excellent,CVT,Petrol,111888
Toyota,Camry,2020,65009,Good,CVT,Petrol,104173
Toyota,Camry,2022,59332,Good,CVT,Hybrid,115450
Toyota,Camry,2023,22479,Good,Automatic,Petrol,42225
Toyota,Hilux,2017,104530,Fair,CVT,Petrol,69144
Toyota,Corolla,2025,7575,New,Manual,Petrol,29503
Toyota,Camry,2020,63913,Good,CVT,Petrol,96467
Toyota,Hilux,2019,73480,Good,Automatic,Petrol,67772
Toyota,Corolla,2018,106777,Fair,CVT,Petrol,41754
Toyota,Corolla,2021,45340,Like New,Automatic,Petrol,46068
Toyota,Corolla,2022,39594,Good,Automatic,Petrol,18374
Toyota,Vios,2015,141687,Good,Automatic,Petrol,34013
Toyota,Corolla,2013,167831,Poor,Manual,Petrol,11483
Toyota,Vios,2016,135163,Good,Automatic,Petrol,34402
Toyota,Vios,2023,27481,Good,Automatic,Petrol,20388
Toyota,Corolla,2018,107538,Fair,Automatic,Petrol,46189
Toyota,Corolla,2020,70549,Fair,CVT,Petrol,61783
Toyota,Hilux,2021,30904,Excellent,CVT,Petrol,80456
Toyota,Hilux,2011,196925,Poor,Manual,Petrol,27823
Toyota,RAV4,2011,204435,Good,Automatic,Petrol,45000
Toyota,Camry,2021,31382,Excellent,Automatic,Petrol,78672
Toyota,RAV4,2017,118838,Good,CVT,Petrol,86939
Toyota,Vios,2011,192798,Fair,Automatic,Petrol,15325
Toyota,Corolla,2019,91623,Good,CVT,Petrol,27910
Toyota,Vios,2014,166611,Fair,Automatic,Petrol,25067
Toyota,Hilux,2014,163041,Fair,Automatic,Petrol,39277
Toyota,Corolla,2020,64518,Like New,CVT,Petrol,21381
Toyota,Corolla,2020,49498,Good,CVT,Petrol,45592
Toyota,RAV4,2021,52354,Fair,Automatic,Petrol,65606
Toyota,Camry,2024,23516,New,CVT,Petrol,120826
Toyota,Camry,2022,20630,Excellent,Automatic,Hybrid,118748
Toyota,RAV4,2021,56166,Excellent,CVT,Petrol,103540
Toyota,RAV4,2012,178209,Fair,Manual,Petrol,15798
Toyota,Corolla,2023,1000,Excellent,Manual,Hybrid,94030
Toyota,Hilux,2013,155292,Good,Automatic,Petrol,58871
Toyota,Hilux,2021,59355,Good,CVT,Petrol,66588
Toyota,Corolla,2015,129117,Fair,Automatic,Petrol,43910
Toyota,Corolla,2021,63546,Like New,Automatic,Petrol,85057
Toyota,Vios,2022,45198,Excellent,CVT,Petrol,69627
Toyota,Corolla,2011,200519,Good,CVT,Petrol,31226
Toyota,Hilux,2020,44955,Good,CVT,Hybrid,92707
Toyota,Vios,2010,224595,Good,CVT,Petrol,6542
Toyota,Corolla,2025,6718,New,Automatic,Hybrid,66473
Toyota,Vios,2015,151683,Fair,CVT,Petrol,21675
Toyota,RAV4,2019,83349,Fair,Automatic,Petrol,47314
Toyota,Vios,2011,193093,Fair,CVT,Petrol,10290
Toyota,Camry,2012,175890,Poor,Automatic,Petrol,20083
Toyota,Vios,2010,218502,Poor,Automatic,Petrol,13080
Toyota,Vios,2018,108436,Good,Automatic,Petrol,19214
Toyota,Camry,2025,2399,Like New,CVT,Petrol,106381
Toyota,RAV4,2019,75249,Good,Automatic,Petrol,23886
Toyota,Camry,2019,65754,Fair,Automatic,Petrol,50613
Toyota,Vios,2018,119121,Good,Automatic,Petrol,43531
Toyota,Corolla,2017,113182,Fair,CVT,Petrol,24239
Toyota,RAV4,2016,145978,Excellent,Manual,Petrol,23975
Toyota,RAV4,2015,150961,Fair,Automatic,Petrol,47573
Toyota,Camry,2022,45494,Excellent,CVT,Hybrid,126902
Toyota,Corolla,2014,172518,Fair,CVT,Petrol,15368
Toyota,Hilux,2025,1000,Like New,CVT,Hybrid,60435
Toyota,Hilux,2014,153925,Fair,Manual,Petrol,38935
Toyota,RAV4,2024,18065,Good,CVT,Petrol,86584
Toyota,Camry,2011,205380,Poor,CVT,Petrol,25032
Toyota,Camry,2018,122790,Fair,Automatic,Petrol,26982
Toyota,Hilux,2013,143569,Fair,CVT,Petrol,39585
Toyota,Camry,2018,114644,Poor,Manual,Petrol,32899
Toyota,Corolla,2018,102796,Poor,Automatic,Petrol,31819
Toyota,Camry,2016,130464,Excellent,CVT,Petrol,94393
Toyota,Hilux,2020,73293,Good,CVT,Petrol,60451
Toyota,Corolla,2012,201241,Fair,Automatic,Petrol,29941
Toyota,Camry,2021,47712,Good,CVT,Petrol,101877
Toyota,RAV4,2013,144140,Fair,Automatic,Petrol,20405
Toyota,Camry,2025,20272,Like New,CVT,Hybrid,95287
Toyota,Camry,2016,125732,Good,Automatic,Petrol,91701
Toyota,Hilux,2025,1000,New,Automatic,Petrol,52997
Toyota,Camry,2011,229331,Good,Automatic,Petrol,18217
Toyota,Camry,2020,50189,Excellent,Automatic,Petrol,41064
Toyota,Vios,2013,160769,Poor,Automatic,Petrol,7536
Toyota,Corolla,2021,50984,Good,Automatic,Petrol,20890
Toyota,Hilux,2018,111073,Fair,CVT,Petrol,39783
Toyota,Vios,2021,57313,Good,CVT,Petrol,25330
Toyota,RAV4,2017,95382,Good,Automatic,Petrol,74232
Toyota,Hilux,2025,1000,New,Automatic,Petrol,92155
Toyota,Corolla,2024,21528,New,Automatic,Petrol,111496
Toyota,Hilux,2021,36197,Excellent,Automatic,Hybrid,118314
Toyota,Corolla,2024,13517,New,CVT,Hybrid,76149
Toyota,RAV4,2017,130190,Fair,CVT,Petrol,18306
Toyota,Corolla,2025,11834,New,Automatic,Petrol,64716
Toyota,Corolla,2024,14756,New,CVT,Petrol,106321
Toyota,Hilux,2015,147662,Fair,CVT,Petrol,18557
Toyota,Camry,2018,106358,Fair,Automatic,Petrol,21973
Toyota,RAV4,2014,149176,Poor,CVT,Petrol,11305
Toyota,Hilux,2013,172559,Fair,Manual,Petrol,52298
Toyota,Camry,2025,3010,New,Manual,Petrol,166611
Toyota,Camry,2024,6159,New,CVT,Petrol,63246
Toyota,Hilux,2024,22374,Excellent,CVT,Petrol,85479
Toyota,Vios,2020,71979,Excellent,CVT,Petrol,60380
Toyota,RAV4,2014,144853,Fair,Automatic,Petrol,21422
Toyota,Camry,2021,49842,Excellent,CVT,Petrol,36385
Toyota,Vios,2020,70181,Good,CVT,Petrol,16042
Toyota,Corolla,2018,95938,Fair,Automatic,Petrol,43696
Toyota,Corolla,2019,68161,Good,CVT,Petrol,34684
Toyota,Vios,2021,61512,Good,CVT,Petrol,35944
Toyota,RAV4,2023,9289,Good,CVT,Petrol,39729
Toyota,Hilux,2013,161487,Fair,Automatic,Petrol,44877
Toyota,Hilux,2022,1000,Fair,CVT,Petrol,47171
Toyota,Vios,2010,217218,Poor,Automatic,Petrol,7283
Toyota,Hilux,2024,1000,New,CVT,Petrol,94552
Toyota,RAV4,2025,1000,New,CVT,Petrol,137881
Toyota,Corolla,2021,42510,Good,Manual,Petrol,73481
Toyota,Camry,2017,110752,Fair,CVT,Petrol,78797
Toyota,RAV4,2023,7044,Good,CVT,Petrol,30898
Toyota,RAV4,2017,100305,Good,Automatic,Petrol,54453
Toyota,Corolla,2010,219364,Fair,Manual,Petrol,26159
Toyota,Camry,2011,196837,Fair,Manual,Petrol,26843
Toyota,Camry,2019,92510,Good,CVT,Petrol,103952
Toyota,Camry,2023,40570,Good,Manual,Petrol,36833
Toyota,Vios,2019,79268,Good,CVT,Petrol,19832
Toyota,Vios,2014,150188,Fair,Automatic,Petrol,12127
Toyota,Hilux,2015,163392,Fair,CVT,Petrol,49061
Toyota,Hilux,2013,188920,Poor,Automatic,Petrol,20401
Toyota,Hilux,2022,28729,Good,CVT,Petrol,60751
Toyota,Vios,2016,120088,Good,Automatic,Petrol,29675
Toyota,Camry,2014,163473,Fair,Automatic,Petrol,29121
Toyota,RAV4,2019,65805,Fair,Automatic,Petrol,93727
Toyota,RAV4,2019,63527,Good,CVT,Petrol,64844
Toyota,Vios,2013,158792,Fair,Manual,Petrol,18846
Toyota,Hilux,2024,52528,New,CVT,Petrol,90614
Toyota,RAV4,2017,108503,Good,CVT,Petrol,82837
Toyota,Corolla,2010,212723,Poor,Automatic,Petrol,7185
Toyota,RAV4,2016,117745,Good,CVT,Petrol,49112
Toyota,Vios,2013,164274,Poor,Manual,Petrol,16436
Toyota,Vios,2011,188808,Good,CVT,Petrol,7447
Toyota,Corolla,2018,102830,Poor,Automatic,Petrol,23235
Toyota,RAV4,2021,66531,Excellent,Automatic,Petrol,24841
Toyota,Camry,2012,190582,Good,Automatic,Petrol,24697
Toyota,Corolla,2021,43489,Good,Automatic,Hybrid,62009
Toyota,Vios,2012,165198,Poor,Manual,Petrol,8168
Toyota,Camry,2017,124499,Good,CVT,Petrol,31981
Toyota,Hilux,2012,178569,Good,CVT,Petrol,60216
Toyota,RAV4,2018,98964,Fair,CVT,Petrol,35188
Toyota,RAV4,2013,153000,Fair,CVT,Petrol,34622
Toyota,Camry,2022,43640,Excellent,CVT,Petrol,124333
Toyota,Camry,2016,121440,Good,CVT,Petrol,80819
Toyota,Hilux,2020,93591,Good,Automatic,Petrol,74252
Toyota,Corolla,2016,108370,Good,Automatic,Petrol,41904
Toyota,Hilux,2013,178630,Fair,Manual,Petrol,33538
Toyota,Corolla,2017,110340,Fair,CVT,Petrol,18926
Toyota,Vios,2015,142186,Good,Manual,Petrol,36570
Toyota,RAV4,2021,79603,Good,Automatic,Petrol,47473
Toyota,RAV4,2019,86339,Fair,CVT,Petrol,79594
Toyota,Corolla,2016,113232,Excellent,Automatic,Petrol,30542
Toyota,RAV4,2016,128219,Poor,CVT,Petrol,26529
Toyota,Hilux,2017,125099,Good,Automatic,Petrol,77128
Toyota,Vios,2012,206799,Fair,Automatic,Petrol,24179
Toyota,Hilux,2014,172982,Good,Automatic,Petrol,37621
Toyota,Vios,2010,208556,Fair,Automatic,Petrol,10543
Toyota,Vios,2016,123664,Fair,Automatic,Petrol,16261
Toyota,Hilux,2022,49375,Like New,CVT,Petrol,46195
Toyota,Vios,2022,30598,Fair,CVT,Petrol,35721
Toyota,RAV4,2024,27663,New,CVT,Petrol,142827
Toyota,Corolla,2013,186271,Fair,Automatic,Petrol,36988
Toyota,Corolla,2015,116129,Good,CVT,Petrol,44179
Toyota,Hilux,2017,109300,Good,Automatic,Petrol,84342
Toyota,RAV4,2011,203565,Fair,Automatic,Petrol,24645
Toyota,Camry,2024,27238,Good,CVT,Petrol,64652
Toyota,Vios,2020,86260,Excellent,CVT,Petrol,23171
Toyota,Vios,2021,60435,Excellent,Automatic,Petrol,48877
Toyota,Camry,2011,194079,Fair,Automatic,Petrol,22761
Toyota,Vios,2012,190024,Fair,Automatic,Petrol,23324
Toyota,Corolla,2019,92252,Good,CVT,Petrol,59829
Toyota,Hilux,2012,192309,Fair,Manual,Petrol,39077
Toyota,Corolla,2025,11729,New,CVT,Hybrid,67301
Toyota,Camry,2024,1540,New,Automatic,Petrol,91023
Toyota,RAV4,2015,130284,Poor,Manual,Petrol,10789
Toyota,Corolla,2013,183260,Fair,Automatic,Petrol,9504
Toyota,Hilux,2024,7432,Like New,Automatic,Petrol,112396
Toyota,Camry,2011,194294,Fair,Automatic,Petrol,39331
Toyota,Hilux,2018,95170,Fair,CVT,Petrol,28757
Toyota,Vios,2025,4073,New,Automatic,Petrol,52950
Toyota,Camry,2019,91266,Poor,CVT,Petrol,39777
Toyota,Camry,2022,51508,Excellent,CVT,Petrol,99396
Toyota,Vios,2012,192574,Fair,Automatic,Petrol,21035
Toyota,Corolla,2010,215696,Fair,CVT,Petrol,15026
Toyota,Camry,2015,151097,Fair,Automatic,Petrol,35986
Toyota,Vios,2024,13037,Excellent,CVT,Petrol,52056
Toyota,Vios,2013,156697,Good,CVT,Petrol,18784
Toyota,Vios,2024,15087,Excellent,CVT,Petrol,62654
Toyota,Hilux,2023,33068,Good,Automatic,Petrol,89173
Toyota,Corolla,2015,151361,Poor,Automatic,Petrol,29642
Toyota,Vios,2024,25714,New,Automatic,Petrol,73577
Toyota,RAV4,2019,102486,Good,Automatic,Petrol,87488
Toyota,Corolla,2016,146377,Fair,Automatic,Petrol,46221
Toyota,Hilux,2013,149479,Fair,CVT,Petrol,49968
Toyota,Vios,2021,53137,Good,CVT,Petrol,45995
Toyota,Corolla,2023,23652,Good,CVT,Petrol,67238
Toyota,Hilux,2010,223479,Good,Automatic,Petrol,28247
Toyota,Corolla,2022,48537,Excellent,CVT,Petrol,60662
Toyota,Camry,2018,84312,Good,CVT,Petrol,86128
Toyota,RAV4,2023,9882,Good,CVT,Petrol,58791
Toyota,Camry,2018,106870,Good,Automatic,Petrol,86226
Toyota,Corolla,2015,141627,Excellent,Automatic,Petrol,56367
Toyota,Hilux,2025,7012,Excellent,CVT,Petrol,132949
Toyota,Vios,2011,217127,Fair,Automatic,Petrol,21788
Toyota,Camry,2019,67869,Excellent,Automatic,Petrol,69877
Toyota,Hilux,2020,92403,Fair,CVT,Petrol,45579
Toyota,Camry,2013,189555,Poor,Automatic,Petrol,24692
Toyota,Vios,2016,125995,Good,CVT,Petrol,31508
Toyota,Hilux,2012,184794,Fair,Automatic,Petrol,24293
Toyota,RAV4,2013,171764,Fair,Manual,Petrol,45036
Toyota,Camry,2014,147361,Good,CVT,Petrol,22923
Toyota,Hilux,2021,58897,Excellent,CVT,Petrol,127140
Toyota,Vios,2019,92982,Excellent,Automatic,Petrol,16738
Toyota,RAV4,2012,196566,Fair,Manual,Petrol,41618
Toyota,RAV4,2011,197989,Fair,CVT,Petrol,13560
Toyota,Corolla,2015,161232,Good,Automatic,Petrol,42663
Toyota,Corolla,2016,135369,Fair,Automatic,Petrol,26365
Toyota,RAV4,2022,32990,Excellent,Automatic,Petrol,57932
Toyota,RAV4,2016,129981,Good,Automatic,Petrol,58794
Toyota,Corolla,2016,130270,Good,Manual,Petrol,18747
Toyota,RAV4,2020,93478,Good,Manual,Petrol,105821
Toyota,RAV4,2024,10342,Good,CVT,Petrol,81128
Toyota,RAV4,2014,124659,Fair,CVT,Petrol,34335
Toyota,Camry,2019,61953,Good,CVT,Petrol,126608
Toyota,RAV4,2024,9887,New,CVT,Petrol,116653
Toyota,Camry,2018,82906,Good,Automatic,Petrol,69599
Toyota,RAV4,2025,2249,New,CVT,Petrol,48403
Toyota,Camry,2022,43683,Excellent,Automatic,Petrol,43664
Toyota,RAV4,2025,10317,New,CVT,Hybrid,41906
Toyota,Hilux,2014,129192,Fair,Automatic,Petrol,24932
Toyota,Corolla,2012,173376,Fair,Automatic,Petrol,16721
Toyota,Camry,2024,16610,Like New,CVT,Petrol,89056
Toyota,Vios,2025,1000,New,Manual,Petrol,28699
Toyota,Vios,2020,78291,Good,Automatic,Petrol,16543
Toyota,Hilux,2025,1000,New,Automatic,Petrol,112389
Toyota,Vios,2024,14366,New,Automatic,Petrol,53430
Toyota,Vios,2023,16033,Good,CVT,Petrol,46313
Toyota,Vios,2019,80033,Good,CVT,Petrol,53859
Toyota,RAV4,2024,7378,New,Automatic,Petrol,35402
Toyota,RAV4,2013,168951,Poor,Manual,Petrol,32999
Toyota,RAV4,2012,180307,Poor,CVT,Petrol,31299
Toyota,Vios,2024,6631,Like New,CVT,Petrol,42964
Toyota,RAV4,2017,119847,Good,Manual,Petrol,65402
Toyota,Corolla,2018,82281,Good,Manual,Petrol,19227
Toyota,Hilux,2021,62025,Like New,Automatic,Petrol,111859
Toyota,Camry,2017,122348,Good,Automatic,Petrol,50508
Toyota,RAV4,2023,6218,Good,CVT,Petrol,96421
Toyota,Camry,2010,210979,Poor,CVT,Petrol,17222
Toyota,Camry,2022,37226,Good,Manual,Petrol,56031
Toyota,Corolla,2023,45118,Good,CVT,Hybrid,51870
Toyota,Corolla,2016,135027,Good,Manual,Petrol,33936
Toyota,Vios,2013,142544,Fair,Automatic,Petrol,19020
Toyota,Corolla,2018,82480,Good,Automatic,Petrol,67185
Toyota,Hilux,2015,175932,Good,Automatic,Petrol,19914
Toyota,Corolla,2022,34462,Good,Automatic,Petrol,64325
Toyota,RAV4,2014,146881,Good,Automatic,Petrol,45722
Toyota,RAV4,2022,37969,Good,Automatic,Petrol,87271
Toyota,RAV4,2015,145910,Fair,Automatic,Petrol,72077
Toyota,Vios,2022,47046,Good,CVT,Petrol,41979
Toyota,Corolla,2014,141893,Poor,Automatic,Petrol,9384
Toyota,Vios,2024,26611,New,Automatic,Petrol,52243
Toyota,Camry,2016,111886,Good,CVT,Petrol,100241
Toyota,Camry,2018,88938,Fair,Automatic,Petrol,77753
Toyota,Vios,2011,188883,Poor,Manual,Petrol,11630
Toyota,Hilux,2021,31604,Good,CVT,Petrol,98208
Toyota,Vios,2017,106303,Poor,Automatic,Petrol,10813
Toyota,Camry,2023,48235,Fair,Automatic,Petrol,30880
Toyota,Corolla,2023,47834,Good,CVT,Petrol,29287
Toyota,Corolla,2016,91792,Poor,Automatic,Petrol,19125
Toyota,Vios,2010,200057,Fair,CVT,Petrol,8428
Toyota,Vios,2025,1000,New,CVT,Petrol,30881
Toyota,Corolla,2023,18375,Good,Automatic,Petrol,57592
Toyota,Camry,2022,19714,Good,CVT,Petrol,88154
Toyota,Corolla,2018,112237,Fair,Manual,Petrol,28254
Toyota,Hilux,2017,127047,Good,CVT,Petrol,56682
Toyota,RAV4,2024,1000,Good,CVT,Petrol,93278
Toyota,Corolla,2021,46571,Good,CVT,Petrol,55672
Toyota,Camry,2013,179529,Poor,Manual,Petrol,37093
Toyota,Hilux,2012,169971,Fair,Manual,Petrol,35412
Toyota,Corolla,2013,160534,Good,Automatic,Petrol,49362
Toyota,Hilux,2024,15380,New,CVT,Petrol,141942
Toyota,Corolla,2024,10308,Like New,CVT,Petrol,57566
Toyota,Corolla,2025,24442,New,Automatic,Petrol,67225
Toyota,Vios,2016,128773,Good,Automatic,Petrol,18789
Toyota,Vios,2025,1000,Good,CVT,Petrol,36815
Toyota,Camry,2021,71542,Fair,CVT,Petrol,27935
Toyota,Vios,2016,133926,Fair,Automatic,Petrol,24246
Toyota,Hilux,2023,28988,Like New,Automatic,Petrol,117141
Toyota,RAV4,2025,7223,New,Automatic,Petrol,89109
Toyota,Vios,2021,56311,Fair,Automatic,Petrol,38592
Toyota,Hilux,2024,7970,Like New,Automatic,Petrol,94910
Toyota,Camry,2019,85358,Good,Automatic,Petrol,91448
Toyota,Vios,2023,30864,Good,Automatic,Petrol,42880
Toyota,Camry,2022,40819,Excellent,CVT,Petrol,126392
Toyota,Hilux,2013,166914,Good,Automatic,Petrol,58615
Toyota,Hilux,2012,202461,Good,Manual,Petrol,25926
Toyota,Corolla,2015,146820,Good,Automatic,Petrol,28234
Toyota,Vios,2023,24458,Fair,Automatic,Petrol,31634
Toyota,Hilux,2016,126405,Good,CVT,Petrol,33972
Toyota,Camry,2011,205252,Good,Manual,Petrol,53625
Toyota,Camry,2015,152914,Good,CVT,Petrol,31304
Toyota,Vios,2015,142089,Fair,Manual,Petrol,24832
Toyota,Vios,2025,1000,Like New,CVT,Petrol,66388
Toyota,Vios,2022,38626,Good,Automatic,Petrol,46984
Toyota,Vios,2014,168072,Good,CVT,Petrol,24287
Toyota,RAV4,2023,34969,Like New,CVT,Petrol,125517
Toyota,Hilux,2021,53612,Good,Automatic,Petrol,95328
Toyota,Hilux,2016,116977,Good,Manual,Petrol,52171
Toyota,Vios,2012,192350,Fair,Manual,Petrol,11394
Toyota,Vios,2014,140689,Fair,Automatic,Petrol,12252
Toyota,Vios,2020,97351,Excellent,CVT,Petrol,28080
Toyota,RAV4,2018,73089,Fair,CVT,Petrol,54760
Toyota,Camry,2020,88610,Good,CVT,Petrol,87761
Toyota,Camry,2014,181869,Fair,Automatic,Petrol,42424
Toyota,Hilux,2012,183854,Fair,Manual,Petrol,43913
Toyota,Hilux,2020,77592,Good,CVT,Petrol,101407
Toyota,Corolla,2024,31479,Excellent,CVT,Petrol,69332
Toyota,Corolla,2020,82458,Fair,CVT,Petrol,13747
Toyota,Vios,2014,165167,Poor,CVT,Petrol,15119
Toyota,Camry,2024,1000,New,CVT,Petrol,64642
Toyota,Camry,2011,187685,Fair,CVT,Petrol,40633
Toyota,RAV4,2014,174630,Good,CVT,Petrol,63588
Toyota,Hilux,2019,82041,Good,CVT,Petrol,38629
Toyota,Corolla,2023,25751,Like New,Automatic,Petrol,82293
Toyota,RAV4,2015,127257,Good,Automatic,Petrol,35890
Toyota,Hilux,2025,1000,New,CVT,Petrol,86541
Toyota,Corolla,2019,72638,Fair,CVT,Petrol,17821
Toyota,Corolla,2017,153957,Poor,CVT,Petrol,14171
Toyota,Corolla,2015,154024,Fair,Automatic,Petrol,33926
Toyota,RAV4,2013,152384,Good,Automatic,Petrol,54398
Toyota,Vios,2024,8404,New,CVT,Petrol,71790
Toyota,Corolla,2024,31259,New,CVT,Petrol,58969
Toyota,Corolla,2023,28994,Good,CVT,Petrol,17421
Toyota,RAV4,2017,100042,Poor,CVT,Petrol,49509
Toyota,Vios,2018,87823,Good,CVT,Petrol,41815
Toyota,Vios,2016,125889,Poor,CVT,Petrol,7790
Toyota,Hilux,2012,169304,Fair,Automatic,Petrol,37907
Toyota,RAV4,2022,31138,Excellent,Manual,Petrol,104082
Toyota,RAV4,2013,157762,Fair,Automatic,Petrol,50007
Toyota,Camry,2017,116837,Fair,Automatic,Petrol,78279
Toyota,Vios,2024,12933,Like New,CVT,Petrol,70107
Toyota,Corolla,2021,47541,Good,Automatic,Petrol,54682
Toyota,Hilux,2022,41018,Excellent,Automatic,Petrol,105187
Toyota,Corolla,2024,8664,Excellent,CVT,Petrol,103070
Toyota,RAV4,2011,193988,Fair,Automatic,Petrol,39294
Toyota,Camry,2016,135229,Good,Automatic,Petrol,40541
Toyota,Corolla,2018,89978,Good,Automatic,Petrol,27905
Toyota,RAV4,2016,151518,Excellent,CVT,Petrol,22717
Toyota,RAV4,2017,109356,Good,CVT,Petrol,55116
Toyota,RAV4,2024,41925,New,Automatic,Petrol,65427
Toyota,RAV4,2021,64865,Good,Automatic,Petrol,46977
Toyota,RAV4,2021,60342,Excellent,CVT,Petrol,58920
Toyota,Camry,2018,122800,Excellent,Manual,Petrol,30106
Toyota,RAV4,2015,157129,Good,CVT,Petrol,56919
Toyota,Camry,2019,83209,Good,CVT,Petrol,72534
Toyota,RAV4,2022,67253,Good,Automatic,Petrol,61873
Toyota,Corolla,2017,98391,Fair,Automatic,Petrol,29899
Toyota,Corolla,2023,24869,Good,Automatic,Petrol,25566
Toyota,Camry,2013,176570,Fair,Manual,Petrol,28050
Toyota,RAV4,2024,7843,Like New,Automatic,Petrol,40400
Toyota,Camry,2021,55514,Excellent,Automatic,Petrol,85010
Toyota,Corolla,2024,2505,Good,CVT,Petrol,69110
Toyota,Corolla,2022,62737,Fair,CVT,Petrol,15186
Toyota,Corolla,2018,114951,Good,Manual,Petrol,60052
Toyota,Vios,2024,6637,New,CVT,Petrol,28522
Toyota,Hilux,2010,209974,Fair,CVT,Petrol,17893
Toyota,RAV4,2016,118511,Fair,CVT,Petrol,30299
Toyota,Camry,2016,136338,Good,Automatic,Petrol,34978
Toyota,RAV4,2010,218583,Fair,CVT,Petrol,10925
Toyota,Camry,2021,83074,Good,CVT,Petrol,98882
Toyota,Vios,2021,62069,Good,Automatic,Petrol,60449
Toyota,Corolla,2017,97720,Good,CVT,Petrol,30418
Toyota,Camry,2012,170801,Poor,Automatic,Petrol,33199
Toyota,Camry,2020,59647,Like New,CVT,Hybrid,110840
Toyota,Vios,2013,179758,Fair,Automatic,Petrol,12088
Toyota,RAV4,2018,83169,Good,Automatic,Petrol,20382
Toyota,Hilux,2017,118465,Good,CVT,Petrol,78667
Toyota,RAV4,2022,48552,Excellent,CVT,Petrol,94914
Toyota,Corolla,2016,147790,Good,CVT,Petrol,42210
Toyota,RAV4,2023,20206,Like New,Automatic,Petrol,160197
Toyota,RAV4,2016,117831,Excellent,CVT,Petrol,71955
Toyota,RAV4,2021,69041,Good,CVT,Petrol,92025
Toyota,Vios,2024,1000,New,Automatic,Petrol,24511
Toyota,Corolla,2023,43221,Like New,CVT,Petrol,102427
Toyota,RAV4,2013,170829,Fair,CVT,Petrol,34260
Toyota,Camry,2021,57133,Excellent,Automatic,Petrol,122825
Toyota,Vios,2021,56866,Excellent,Automatic,Petrol,35110
Toyota,Vios,2025,12864,Excellent,CVT,Petrol,58875
Toyota,Corolla,2017,110312,Good,Manual,Petrol,55801
Toyota,Camry,2017,130683,Good,Manual,Petrol,91747
Toyota,Corolla,2020,65578,Good,Automatic,Petrol,76342
Toyota,Hilux,2025,22492,Like New,Automatic,Hybrid,107454
Toyota,Corolla,2020,55909,Good,Automatic,Petrol,81874
Toyota,Camry,2019,71244,Fair,Automatic,Petrol,24769
Toyota,Camry,2024,8689,Excellent,CVT,Petrol,73855
Toyota,Hilux,2013,164673,Poor,Automatic,Petrol,35825
Toyota,Camry,2016,128579,Good,CVT,Petrol,34983
Toyota,Camry,2021,49055,Like New,Automatic,Petrol,43535
Toyota,Hilux,2024,4393,New,Automatic,Petrol,79322
Toyota,Hilux,2013,180611,Fair,Automatic,Petrol,22990
Toyota,Vios,2012,183331,Fair,Manual,Petrol,20335
Toyota,RAV4,2023,45052,Good,Automatic,Petrol,55305
Toyota,Corolla,2020,74947,Excellent,Automatic,Petrol,30805
Toyota,RAV4,2018,82374,Fair,Automatic,Petrol,35112
Toyota,Corolla,2015,140706,Excellent,Manual,Petrol,45858
Toyota,Vios,2021,37868,Excellent,CVT,Petrol,18669
Toyota,RAV4,2025,11357,Excellent,Automatic,Petrol,126794
Toyota,Corolla,2023,34526,Excellent,CVT,Petrol,40280
Toyota,RAV4,2025,8593,New,CVT,Petrol,127544
Toyota,Camry,2014,157655,Good,Automatic,Petrol,70049
Toyota,Hilux,2011,192689,Good,Manual,Petrol,38265
Toyota,Hilux,2025,1000,New,Automatic,Petrol,45029
Toyota,Hilux,2019,74404,Fair,Manual,Petrol,43375
Toyota,Vios,2022,40001,Excellent,CVT,Petrol,54592
Toyota,Vios,2017,104788,Good,CVT,Petrol,20837
Toyota,Vios,2019,88377,Good,CVT,Petrol,22606
Toyota,RAV4,2017,104020,Good,Automatic,Petrol,33987
Toyota,Camry,2011,186740,Good,CVT,Petrol,38404
Toyota,RAV4,2022,49090,Good,Automatic,Petrol,103759
Toyota,Vios,2016,140961,Good,CVT,Petrol,26074
Toyota,Corolla,2022,23142,Excellent,Automatic,Petrol,86163
Toyota,Camry,2019,92357,Good,Automatic,Petrol,86593
Toyota,Hilux,2015,145212,Good,CVT,Petrol,39516
Toyota,Hilux,2019,81180,Good,CVT,Petrol,42961
Toyota,Camry,2024,3546,Like New,CVT,Hybrid,153099
Toyota,Hilux,2014,137005,Fair,CVT,Petrol,54607
Toyota,Corolla,2020,89534,Good,CVT,Petrol,40760
Toyota,Corolla,2025,14434,Like New,CVT,Petrol,27514
Toyota,RAV4,2025,1000,New,CVT,Petrol,54804
Toyota,Vios,2020,74758,Good,CVT,Petrol,17664
Toyota,Vios,2020,56185,Good,Automatic,Petrol,61863
Toyota,RAV4,2013,150246,Fair,Automatic,Petrol,29484
Toyota,Hilux,2019,88307,Good,CVT,Petrol,87515
Toyota,Vios,2017,122443,Fair,Automatic,Petrol,39787
Toyota,Hilux,2021,53914,Excellent,CVT,Petrol,45255
Toyota,Vios,2021,72269,Good,CVT,Petrol,56632
Toyota,RAV4,2025,1000,New,Automatic,Petrol,104772
Toyota,Corolla,2021,64909,Fair,Automatic,Petrol,13517
Toyota,Camry,2021,60252,Excellent,Automatic,Petrol,60459
Toyota,Vios,2012,173509,Fair,Manual,Petrol,18121
Toyota,Corolla,2015,162596,Excellent,CVT,Petrol,18762
Toyota,RAV4,2010,223619,Poor,CVT,Petrol,8429
Toyota,Vios,2017,126269,Good,Automatic,Petrol,11123
Toyota,Vios,2013,170183,Good,Automatic,Petrol,31071
Toyota,Hilux,2020,75997,Excellent,Automatic,Petrol,109682
Toyota,RAV4,2023,38502,Good,Automatic,Petrol,127001
Toyota,Camry,2017,130626,Excellent,Manual,Petrol,61212
Toyota,Corolla,2025,1000,Good,Automatic,Petrol,55882
Toyota,Camry,2025,11659,New,CVT,Hybrid,128048
Toyota,Vios,2011,199326,Good,Automatic,Petrol,32000
Toyota,Corolla,2012,185013,Fair,Automatic,Petrol,14697
Toyota,Vios,2013,165515,Fair,Manual,Petrol,14501
Toyota,Corolla,2024,7315,Like New,Automatic,Petrol,24890
Toyota,Hilux,2025,1000,New,Automatic,Hybrid,70551
Toyota,Camry,2025,4896,Good,Automatic,Petrol,102122
Toyota,Vios,2015,148142,Good,CVT,Petrol,43653
Toyota,Camry,2025,22862,Like New,Automatic,Petrol,168303
Toyota,Hilux,2017,97441,Fair,Automatic,Petrol,19448
Toyota,RAV4,2025,1000,Good,CVT,Petrol,75589
Toyota,RAV4,2019,87070,Fair,Automatic,Petrol,35631
Toyota,Camry,2010,196070,Good,Automatic,Petrol,60648
Toyota,Camry,2019,92252,Fair,Automatic,Petrol,50489
Toyota,Hilux,2014,129188,Poor,Automatic,Petrol,30360
Toyota,Hilux,2023,22281,Good,Automatic,Petrol,34900
Toyota,RAV4,2018,109095,Fair,Automatic,Petrol,61876
Toyota,Vios,2019,80936,Good,CVT,Petrol,32578
Toyota,RAV4,2012,181895,Good,Manual,Petrol,46438
Toyota,RAV4,2017,108643,Excellent,Manual,Petrol,43359
Toyota,Vios,2017,115946,Good,CVT,Petrol,24950
Toyota,Corolla,2016,132675,Good,Automatic,Petrol,30759
Toyota,Camry,2018,95598,Poor,Automatic,Petrol,20837
Toyota,Hilux,2022,29505,Good,Automatic,Petrol,65968
Toyota,Vios,2016,101542,Good,CVT,Petrol,45113
Toyota,Camry,2013,179724,Fair,Manual,Petrol,32409
Toyota,RAV4,2017,116413,Good,Automatic,Petrol,69436
Toyota,RAV4,2019,88778,Fair,CVT,Petrol,73547
Toyota,Vios,2020,86533,Good,CVT,Petrol,58494
Toyota,Camry,2023,9361,Excellent,CVT,Petrol,131190
Toyota,RAV4,2016,136891,Fair,Automatic,Petrol,63945
Toyota,Hilux,2010,219026,Fair,Manual,Petrol,15623
Toyota,Vios,2017,101704,Excellent,Manual,Petrol,37453
Toyota,Camry,2019,96757,Fair,Automatic,Petrol,83949
Toyota,Corolla,2024,14853,Excellent,Manual,Petrol,94616
Toyota,Corolla,2011,185585,Fair,Automatic,Petrol,26384
Toyota,Camry,2023,32545,Good,Automatic,Petrol,57754
Toyota,RAV4,2016,108851,Good,Manual,Petrol,40705
Toyota,RAV4,2017,100900,Excellent,Manual,Petrol,61191
Toyota,RAV4,2021,47915,Excellent,CVT,Petrol,42648
Toyota,Vios,2010,194281,Poor,Automatic,Petrol,13358
Toyota,Corolla,2014,175866,Fair,Automatic,Petrol,19705
Toyota,RAV4,2020,68262,Excellent,Automatic,Petrol,70437
Toyota,Vios,2020,72982,Good,CVT,Petrol,19745
Toyota,Vios,2021,62225,Fair,Automatic,Petrol,18096
Toyota,Vios,2013,168086,Poor,Manual,Petrol,9414
Toyota,Camry,2019,85583,Poor,CVT,Petrol,35822
Toyota,Camry,2015,136772,Good,CVT,Petrol,73249
Toyota,Vios,2015,146720,Fair,Automatic,Petrol,36360
Toyota,Corolla,2010,189622,Good,CVT,Petrol,15271
Toyota,Hilux,2012,185494,Poor,CVT,Petrol,31230
Toyota,Corolla,2010,226378,Poor,Automatic,Petrol,17630
Toyota,Hilux,2020,44850,Good,CVT,Petrol,82088
Toyota,RAV4,2013,176607,Fair,Automatic,Petrol,13207
Toyota,RAV4,2023,29781,Excellent,Automatic,Petrol,65932
Toyota,RAV4,2020,62180,Good,Automatic,Petrol,80350
Toyota,Camry,2013,146172,Poor,CVT,Petrol,34055
Toyota,Corolla,2020,72596,Like New,CVT,Petrol,21976
Toyota,Corolla,2020,85063,Fair,Automatic,Petrol,65186
Toyota,RAV4,2019,76266,Fair,Automatic,Petrol,29659
Toyota,Corolla,2016,119567,Poor,Manual,Petrol,17305
Toyota,Vios,2020,71214,Excellent,Automatic,Petrol,56425
Toyota,Vios,2019,85206,Good,CVT,Petrol,16177
Toyota,Hilux,2021,47663,Good,CVT,Hybrid,36306
Toyota,Camry,2011,217672,Fair,Manual,Petrol,33188
Toyota,Camry,2018,94799,Good,CVT,Petrol,101066
Toyota,Camry,2025,1000,Like New,Automatic,Petrol,96735
Toyota,Vios,2021,56327,Like New,Automatic,Petrol,48207
Toyota,RAV4,2021,55270,Fair,Automatic,Petrol,79951
Toyota,Camry,2015,148783,Good,CVT,Petrol,79287
Toyota,RAV4,2018,108186,Good,Automatic,Petrol,83645
Toyota,RAV4,2011,187198,Fair,Automatic,Petrol,49841
Toyota,Corolla,2015,139732,Good,Automatic,Petrol,35568
Toyota,Hilux,2022,32342,Excellent,CVT,Petrol,74621
Toyota,Vios,2024,25588,Excellent,CVT,Petrol,64672
Toyota,Corolla,2010,217092,Fair,Automatic,Petrol,12560
Toyota,Hilux,2025,22625,Like New,Automatic,Petrol,52730
Toyota,Camry,2016,122156,Good,Automatic,Petrol,74793
Toyota,Corolla,2024,19055,Excellent,CVT,Petrol,80065
Toyota,Hilux,2022,58196,Excellent,CVT,Petrol,124591
Toyota,Hilux,2020,89751,Good,CVT,Hybrid,118325
Toyota,Corolla,2010,227894,Fair,Manual,Petrol,15119
Toyota,Vios,2015,146122,Excellent,Automatic,Petrol,27502
Toyota,Camry,2011,199636,Poor,Automatic,Petrol,34889
Toyota,Vios,2021,52212,Fair,CVT,Petrol,48413
Toyota,RAV4,2021,80822,Like New,Automatic,Petrol,95020
Toyota,RAV4,2020,78932,Good,Automatic,Petrol,69077
Toyota,Camry,2021,49442,Excellent,CVT,Petrol,127279
Toyota,RAV4,2016,112345,Fair,CVT,Petrol,17523
Toyota,Hilux,2013,161743,Fair,Automatic,Petrol,20906
Toyota,Corolla,2022,36321,Like New,CVT,Petrol,104318
Toyota,RAV4,2025,11810,New,Automatic,Petrol,57739
Toyota,RAV4,2019,67976,Fair,CVT,Petrol,52263
Toyota,RAV4,2020,91889,Fair,Automatic,Petrol,33178
Toyota,Camry,2017,113625,Good,Automatic,Petrol,25607
Toyota,RAV4,2015,138548,Good,CVT,Petrol,49240
Toyota,Hilux,2020,82150,Excellent,CVT,Petrol,46685
Toyota,RAV4,2025,1000,New,CVT,Petrol,114431
Toyota,Vios,2014,174516,Fair,Automatic,Petrol,10040
Toyota,Vios,2022,49906,Excellent,CVT,Petrol,58549
Toyota,Vios,2021,51833,Like New,Automatic,Petrol,16937
Toyota,RAV4,2024,4605,Like New,CVT,Petrol,117370
Toyota,Hilux,2025,15593,New,Automatic,Hybrid,92014
Toyota,Hilux,2016,115558,Good,CVT,Petrol,51769
Toyota,Hilux,2012,172319,Fair,Automatic,Petrol,19269
Toyota,RAV4,2022,31367,Excellent,Manual,Petrol,27925
Toyota,Hilux,2021,63452,Fair,Automatic,Petrol,85850
Toyota,Corolla,2023,31367,Good,CVT,Petrol,80029
Toyota,Vios,2024,1000,Like New,Automatic,Petrol,83081
Toyota,Camry,2021,27294,Good,CVT,Petrol,31964
Toyota,Camry,2014,161102,Fair,Automatic,Petrol,18100
Toyota,RAV4,2018,97679,Good,Automatic,Petrol,29775
Toyota,Corolla,2012,159992,Fair,CVT,Petrol,37099
Toyota,Camry,2021,74011,Good,Automatic,Petrol,95203
Toyota,Hilux,2010,206701,Fair,Automatic,Petrol,14923
Toyota,Camry,2012,181228,Fair,Automatic,Petrol,38587
Toyota,Hilux,2011,187817,Good,Manual,Petrol,31294
Toyota,Hilux,2016,147611,Good,Automatic,Petrol,41660
Toyota,Camry,2013,176527,Fair,Manual,Petrol,48418
Toyota,Hilux,2014,159499,Fair,Automatic,Petrol,21797
Toyota,Camry,2025,10113,Excellent,CVT,Petrol,105271
Toyota,RAV4,2021,58381,Good,CVT,Petrol,101458
Toyota,Vios,2012,180231,Fair,Manual,Petrol,17135
Toyota,Vios,2022,19977,Good,Automatic,Petrol,55537
Toyota,Corolla,2025,17278,Good,CVT,Petrol,23965
Toyota,Corolla,2024,14402,Like New,Automatic,Petrol,63711
Toyota,Hilux,2021,51790,Good,CVT,Petrol,56090
Toyota,RAV4,2022,46372,Good,CVT,Petrol,35473
Toyota,Hilux,2012,170823,Fair,Manual,Petrol,18374
Toyota,Vios,2018,98040,Good,Automatic,Petrol,35484
Toyota,Vios,2012,159447,Fair,Automatic,Petrol,21264
Toyota,Hilux,2012,192337,Good,Automatic,Petrol,40299
Toyota,Hilux,2020,48464,Excellent,Automatic,Petrol,101522
Toyota,Camry,2010,220167,Fair,CVT,Petrol,47373
Toyota,Vios,2010,206581,Fair,Manual,Petrol,12040
Toyota,Corolla,2018,120209,Fair,CVT,Petrol,23633
Toyota,Corolla,2018,120691,Good,Automatic,Petrol,37306
Toyota,Corolla,2020,72148,Excellent,Automatic,Petrol,23911
Toyota,Hilux,2017,98942,Fair,CVT,Petrol,30600
Toyota,Vios,2014,167681,Fair,Automatic,Petrol,30797
Toyota,Camry,2023,22232,Good,Automatic,Petrol,70340
Toyota,Hilux,2025,16229,New,CVT,Petrol,45794
Toyota,Hilux,2014,166896,Fair,CVT,Petrol,15627
Toyota,Camry,2013,176807,Fair,Automatic,Petrol,31504
Toyota,Corolla,2022,30751,Good,CVT,Petrol,67448
Toyota,Vios,2021,48366,Good,CVT,Petrol,18102
Toyota,Corolla,2023,5963,Like New,CVT,Petrol,25449
Toyota,Vios,2025,3727,Excellent,CVT,Petrol,25568
Toyota,Hilux,2015,145189,Poor,Automatic,Petrol,41834
Toyota,Vios,2018,73611,Fair,Automatic,Petrol,40270
Toyota,Vios,2020,58175,Good,Automatic,Petrol,30167
Toyota,Camry,2021,63513,Excellent,CVT,Petrol,42086
Toyota,Vios,2022,47701,Excellent,Manual,Petrol,50120
Toyota,Vios,2019,88157,Good,Automatic,Petrol,28178
Toyota,Camry,2021,47512,Good,CVT,Petrol,69197
Toyota,Camry,2020,95018,Like New,Automatic,Petrol,106557
Toyota,Camry,2016,105792,Good,Automatic,Petrol,65919
Toyota,Hilux,2012,185887,Good,Manual,Petrol,49062
Toyota,RAV4,2013,168974,Poor,Automatic,Petrol,24896
Toyota,Hilux,2020,68586,Like New,CVT,Petrol,45819
Toyota,Corolla,2022,40430,Good,CVT,Petrol,21830
Toyota,RAV4,2023,34190,Good,CVT,Petrol,64818
Toyota,Hilux,2017,120354,Fair,CVT,Petrol,65723
Toyota,Corolla,2022,43017,Good,CVT,Petrol,70582
Toyota,Hilux,2013,181316,Poor,Automatic,Petrol,15372
Toyota,RAV4,2017,103733,Poor,Manual,Petrol,34746
Toyota,Hilux,2025,1000,Excellent,Manual,Petrol,94904
Toyota,Vios,2024,31785,New,CVT,Petrol,41643
Toyota,Vios,2015,151209,Good,Automatic,Petrol,29238
Toyota,Corolla,2016,142136,Good,CVT,Petrol,15295
Toyota,Hilux,2023,58918,Fair,CVT,Petrol,103418
Toyota,Corolla,2010,223299,Poor,CVT,Petrol,17910
Toyota,Hilux,2020,52942,Excellent,CVT,Petrol,97980
Toyota,Corolla,2019,82284,Good,CVT,Petrol,33198
Toyota,Vios,2019,74088,Fair,Manual,Petrol,28526
Toyota,Vios,2022,48886,Good,Automatic,Petrol,56627
Toyota,Camry,2019,73801,Good,Automatic,Petrol,57771
Toyota,Camry,2020,72521,Excellent,Automatic,Petrol,106303
Toyota,Hilux,2015,144874,Good,Automatic,Petrol,72199
Toyota,Corolla,2025,5228,Good,CVT,Petrol,65572
Toyota,Corolla,2022,31179,Excellent,Automatic,Petrol,46026
Toyota,RAV4,2020,78271,Excellent,CVT,Petrol,84652
Toyota,Hilux,2018,96292,Fair,Manual,Petrol,36048
Toyota,Hilux,2024,19050,Like New,CVT,Petrol,138145
Toyota,Camry,2010,228744,Good,Manual,Petrol,34766
Toyota,Vios,2021,48954,Excellent,CVT,Petrol,58476
Toyota,Camry,2014,126624,Good,Manual,Petrol,51139
Toyota,Hilux,2013,146015,Good,Manual,Petrol,61986
Toyota,Vios,2020,100186,Good,Automatic,Petrol,21214
Toyota,Hilux,2023,40817,Excellent,Automatic,Petrol,43313
Toyota,Hilux,2024,15722,New,CVT,Petrol,141667
Toyota,RAV4,2012,184711,Good,Manual,Petrol,38943
Toyota,Camry,2018,106209,Poor,CVT,Petrol,57779
Toyota,RAV4,2024,46767,New,Automatic,Petrol,73584
Toyota,Hilux,2015,135700,Poor,Automatic,Petrol,39356
Toyota,Hilux,2022,22613,Good,CVT,Petrol,92009
Toyota,RAV4,2017,113705,Fair,Automatic,Petrol,43256
Toyota,Vios,2022,43305,Good,CVT,Petrol,59002
Toyota,RAV4,2018,81373,Good,Automatic,Petrol,39312
Toyota,RAV4,2016,130579,Fair,Automatic,Petrol,33305
Toyota,Hilux,2012,192911,Fair,Automatic,Petrol,26094
Toyota,RAV4,2020,67429,Good,CVT,Petrol,80864
Toyota,RAV4,2023,23261,Excellent,CVT,Petrol,82650
Toyota,Vios,2021,33880,Like New,CVT,Petrol,73041
Toyota,Hilux,2013,161205,Poor,CVT,Petrol,10081
Toyota,Camry,2012,168932,Good,Manual,Petrol,49289
Toyota,Hilux,2021,66527,Excellent,Automatic,Petrol,87392
Toyota,Vios,2016,128706,Good,CVT,Petrol,29523
Toyota,Camry,2022,38977,Excellent,CVT,Petrol,128322
Toyota,Hilux,2020,76402,Excellent,CVT,Petrol,59759
Toyota,Vios,2025,1000,Like New,Automatic,Petrol,75042
Toyota,Vios,2025,1000,New,CVT,Petrol,47138
Toyota,Corolla,2013,168856,Good,Automatic,Petrol,24159
Toyota,Vios,2010,194832,Good,Automatic,Petrol,30088
Toyota,Hilux,2013,162585,Good,CVT,Petrol,54446
Toyota,Vios,2025,4124,New,CVT,Petrol,90000
Toyota,Hilux,2024,2587,Good,Automatic,Petrol,60285
Toyota,Corolla,2019,59389,Fair,CVT,Petrol,35235
Toyota,Corolla,2013,191422,Poor,Manual,Petrol,9806
Toyota,RAV4,2015,153615,Good,Automatic,Petrol,52526
Toyota,Hilux,2012,188501,Good,Automatic,Petrol,38538
Toyota,RAV4,2016,117797,Good,CVT,Petrol,91652
Toyota,Hilux,2019,59898,Good,CVT,Petrol,71201
Toyota,Camry,2023,14427,Good,CVT,Petrol,64706
Toyota,Corolla,2022,34773,Excellent,Automatic,Hybrid,24337
Toyota,Hilux,2025,13343,Like New,CVT,Hybrid,127383
Toyota,Corolla,2025,9742,New,Automatic,Petrol,110932
Toyota,Vios,2019,70640,Fair,Automatic,Petrol,21403
Toyota,Corolla,2020,51126,Excellent,CVT,Petrol,54049
Toyota,Camry,2010,207234,Good,Automatic,Petrol,57142
Toyota,Hilux,2018,96254,Fair,CVT,Petrol,48195
Toyota,Hilux,2010,228622,Poor,Manual,Petrol,14316
Toyota,Camry,2021,66798,Good,CVT,Petrol,56255
Toyota,RAV4,2012,191661,Good,Manual,Petrol,23307
Toyota,Corolla,2023,8909,Excellent,CVT,Petrol,73194
Toyota,Hilux,2016,131542,Fair,Automatic,Petrol,59168
Toyota,Vios,2013,163795,Fair,Automatic,Petrol,29333
Toyota,Corolla,2023,52422,Excellent,Automatic,Petrol,67913
Toyota,RAV4,2012,185803,Fair,Automatic,Petrol,34221
Toyota,Hilux,2015,153965,Poor,CVT,Petrol,28125
Toyota,Camry,2013,161370,Fair,CVT,Petrol,64442
Toyota,Corolla,2015,145854,Fair,Automatic,Petrol,46344
Toyota,Vios,2021,50267,Good,Automatic,Petrol,26669
Toyota,Camry,2021,68544,Good,CVT,Petrol,58184
Toyota,Vios,2015,137405,Fair,Manual,Petrol,27730
Toyota,RAV4,2025,1000,New,CVT,Hybrid,121582
Toyota,RAV4,2015,142499,Good,Automatic,Petrol,64807
Toyota,Vios,2020,73427,Excellent,Automatic,Petrol,49496
Toyota,RAV4,2021,45401,Like New,CVT,Petrol,114564
Toyota,Corolla,2019,91996,Good,CVT,Petrol,40976
Toyota,Corolla,2018,94718,Excellent,Automatic,Petrol,56294
Toyota,Hilux,2010,216580,Poor,Automatic,Petrol,26937
Toyota,Corolla,2023,39232,Like New,Automatic,Petrol,48249
Toyota,Vios,2023,27312,Like New,Automatic,Petrol,27869
Toyota,Vios,2010,198718,Poor,Automatic,Petrol,12030
Toyota,RAV4,2021,69278,Good,CVT,Hybrid,61354
Toyota,Vios,2021,65042,Good,Automatic,Petrol,27960
Toyota,Hilux,2023,11427,Fair,Manual,Petrol,91496
Toyota,Hilux,2024,18701,Like New,Automatic,Hybrid,123317
Toyota,Corolla,2024,1786,New,CVT,Petrol,111211
Toyota,RAV4,2011,206646,Fair,Automatic,Petrol,42582
Toyota,Vios,2016,130285,Good,Automatic,Petrol,28312
Toyota,Camry,2017,111567,Good,CVT,Petrol,50963
Toyota,Vios,2025,2510,Excellent,Manual,Petrol,16814
Toyota,Vios,2023,29943,Good,CVT,Petrol,33779
Toyota,Camry,2010,211629,Good,Manual,Petrol,32172
Toyota,RAV4,2013,151747,Fair,CVT,Petrol,15761
Toyota,Hilux,2017,112377,Poor,CVT,Petrol,38353
Toyota,Corolla,2025,1000,New,CVT,Petrol,96453
Toyota,Camry,2025,2862,Excellent,CVT,Petrol,96446
Toyota,Hilux,2024,1544,New,Automatic,Petrol,46550
Toyota,Corolla,2015,153009,Good,CVT,Petrol,48669
Toyota,Camry,2024,10344,New,Automatic,Petrol,106238
Toyota,Camry,2013,145206,Fair,Automatic,Petrol,32888
Toyota,RAV4,2023,13531,Good,CVT,Petrol,106390
Toyota,Camry,2022,34474,Excellent,Automatic,Petrol,113477
Toyota,Camry,2020,70211,Excellent,CVT,Petrol,82704
Toyota,Hilux,2024,1000,New,CVT,Petrol,37763
Toyota,Hilux,2025,1000,New,Automatic,Petrol,73599
Toyota,RAV4,2018,88908,Excellent,Automatic,Petrol,57315
Toyota,Camry,2018,100604,Fair,Automatic,Petrol,33132
Toyota,Hilux,2023,34211,Good,Automatic,Petrol,76040
Toyota,Camry,2024,1000,Like New,CVT,Petrol,129557
Toyota,Camry,2015,116740,Good,Automatic,Petrol,55990
Toyota,Camry,2024,1822,New,CVT,Petrol,175185
Toyota,Hilux,2025,1000,New,Automatic,Petrol,68254
Toyota,Camry,2025,7107,Like New,Automatic,Petrol,117916
Toyota,Hilux,2023,43105,Like New,CVT,Petrol,79698
Toyota,Camry,2019,87146,Fair,Automatic,Petrol,40264
Toyota,Camry,2021,56777,Like New,Automatic,Hybrid,77336
Toyota,Hilux,2016,115738,Poor,Automatic,Petrol,26624
Toyota,Corolla,2021,31751,Excellent,CVT,Petrol,34966
Toyota,Vios,2018,99747,Good,CVT,Petrol,57190
Toyota,Hilux,2019,108847,Fair,CVT,Petrol,34670
Toyota,Camry,2025,4774,New,CVT,Petrol,122021
Toyota,Camry,2015,157220,Fair,CVT,Petrol,36114
Toyota,RAV4,2015,107039,Fair,Automatic,Petrol,69165
Toyota,RAV4,2020,60388,Good,CVT,Petrol,95026
Toyota,Hilux,2011,201117,Fair,Automatic,Petrol,48666
Toyota,Vios,2025,1000,New,Automatic,Petrol,51899
Toyota,Corolla,2017,89033,Good,CVT,Petrol,24919
Toyota,RAV4,2023,28682,Fair,CVT,Petrol,28224
Toyota,RAV4,2020,41941,Excellent,Automatic,Petrol,87909
Toyota,Corolla,2015,132720,Fair,Automatic,Petrol,33234
Toyota,RAV4,2011,187482,Good,Manual,Petrol,34566
Toyota,Hilux,2023,29229,Good,CVT,Hybrid,76821
Toyota,Hilux,2022,35518,Fair,Manual,Petrol,42714
Toyota,Camry,2018,96900,Fair,CVT,Petrol,60224
Toyota,Camry,2019,91273,Good,CVT,Petrol,42317
Toyota,RAV4,2014,157452,Fair,CVT,Petrol,61451
Toyota,Camry,2025,5487,Excellent,CVT,Petrol,58422
Toyota,Camry,2024,16292,New,CVT,Petrol,166271
Toyota,Vios,2022,30587,Good,Automatic,Petrol,46144
Toyota,RAV4,2018,102155,Good,Automatic,Petrol,97166
Toyota,Corolla,2012,188591,Fair,CVT,Petrol,12729
Toyota,Camry,2020,89369,Good,CVT,Petrol,73181
Toyota,Hilux,2021,48130,Excellent,Automatic,Petrol,35374
Toyota,Hilux,2016,102934,Good,CVT,Petrol,81388
Toyota,RAV4,2020,57922,Good,Automatic,Petrol,91140
Toyota,RAV4,2023,35254,Excellent,CVT,Petrol,90516
Toyota,Vios,2012,191138,Fair,CVT,Petrol,20195
Toyota,Vios,2021,36084,Good,Automatic,Petrol,15574
Toyota,Hilux,2025,8420,Like New,CVT,Petrol,51939
Toyota,Vios,2021,66558,Like New,Automatic,Petrol,23177
Toyota,Hilux,2021,56129,Good,CVT,Petrol,74556
Toyota,Vios,2011,181783,Fair,CVT,Petrol,21859
Toyota,Corolla,2019,93082,Fair,CVT,Petrol,14088
Toyota,Corolla,2025,1000,Excellent,Automatic,Petrol,74144
Toyota,Corolla,2025,11759,Like New,CVT,Petrol,43049
Toyota,Corolla,2024,1000,Good,CVT,Petrol,34472
Toyota,Camry,2013,172026,Good,Automatic,Petrol,27850
Toyota,Hilux,2025,1000,Excellent,Manual,Hybrid,63194
Toyota,Camry,2025,1000,New,CVT,Petrol,180000
Toyota,Hilux,2017,95182,Good,Automatic,Petrol,53291
Toyota,Camry,2020,76990,Good,CVT,Petrol,85667
Toyota,Vios,2019,80068,Fair,Automatic,Petrol,22064
Toyota,Vios,2012,182087,Poor,Automatic,Petrol,6988
Toyota,Hilux,2013,168069,Good,Manual,Petrol,60532
Toyota,Corolla,2013,144842,Fair,Manual,Petrol,40484
Toyota,Corolla,2012,185165,Fair,CVT,Petrol,20275
Toyota,Vios,2017,106951,Good,CVT,Petrol,47299
Toyota,RAV4,2019,103378,Good,CVT,Petrol,44417
Toyota,Vios,2023,50950,Excellent,CVT,Petrol,18587
Toyota,RAV4,2021,45440,Fair,Automatic,Petrol,36690
Toyota,Hilux,2014,148712,Fair,Automatic,Petrol,31197
Toyota,RAV4,2023,1000,Excellent,CVT,Petrol,145037
Toyota,Corolla,2020,71545,Fair,Automatic,Petrol,28406
Toyota,Camry,2023,25451,Fair,Automatic,Petrol,77485
Toyota,Corolla,2020,87393,Like New,CVT,Petrol,63062
Toyota,Hilux,2011,206216,Fair,Manual,Petrol,41427
Toyota,Corolla,2019,62992,Good,CVT,Petrol,30670
Toyota,RAV4,2019,94251,Good,CVT,Petrol,89906
Toyota,Corolla,2020,71891,Excellent,CVT,Petrol,75546
Toyota,RAV4,2014,136430,Fair,CVT,Petrol,25081
Toyota,Vios,2023,23620,Excellent,CVT,Petrol,25849
Toyota,Vios,2016,123005,Fair,CVT,Petrol,38360
Toyota,Camry,2022,38879,Excellent,CVT,Petrol,109812
Toyota,Corolla,2012,188974,Fair,Manual,Petrol,16232
Toyota,Camry,2017,103484,Fair,CVT,Petrol,55235
Toyota,Hilux,2013,159360,Fair,Automatic,Petrol,30712
Toyota,Camry,2012,192582,Poor,Automatic,Petrol,29780
Toyota,Hilux,2011,215942,Poor,Manual,Petrol,9206
Toyota,Hilux,2015,138056,Good,CVT,Petrol,28987
Toyota,Hilux,2023,23753,Excellent,CVT,Petrol,47629
Toyota,Vios,2019,90436,Poor,Manual,Petrol,20773
Toyota,Vios,2022,26457,Good,Automatic,Petrol,37897
Toyota,RAV4,2017,100714,Good,CVT,Petrol,51725
Toyota,Camry,2025,13121,Good,CVT,Petrol,60886
Toyota,Hilux,2015,137455,Good,Automatic,Petrol,73208
Toyota,Vios,2015,135140,Fair,CVT,Petrol,7842
Toyota,RAV4,2024,30318,Like New,Automatic,Petrol,107421
Toyota,Camry,2017,130247,Excellent,CVT,Petrol,27405
Toyota,RAV4,2018,89470,Good,Automatic,Petrol,37887
Toyota,Vios,2025,1000,New,Automatic,Petrol,75012
Toyota,Vios,2020,81244,Excellent,Automatic,Petrol,21055
Toyota,Corolla,2022,30014,Fair,CVT,Petrol,70731
Toyota,Camry,2024,1000,Excellent,Automatic,Petrol,128931
Toyota,Corolla,2023,34064,Good,CVT,Petrol,58788
Toyota,Vios,2025,1000,New,Automatic,Petrol,72271
Toyota,RAV4,2023,13555,Fair,CVT,Petrol,30883
Toyota,Vios,2023,29178,Good,Manual,Petrol,55332
Toyota,Camry,2021,47559,Good,Automatic,Petrol,116793
Toyota,Hilux,2025,1000,Good,Automatic,Petrol,74096
Toyota,RAV4,2015,143200,Fair,Automatic,Petrol,34143
Toyota,Camry,2019,96913,Good,CVT,Petrol,49263
Toyota,Hilux,2021,63398,Like New,CVT,Petrol,99378
Toyota,Camry,2024,13384,Like New,CVT,Hybrid,50868
Toyota,RAV4,2023,10807,Good,Automatic,Hybrid,83884
Toyota,Vios,2019,81245,Good,Automatic,Petrol,22244
Toyota,RAV4,2022,39098,Excellent,Manual,Petrol,68659
Toyota,Camry,2014,167866,Fair,Automatic,Petrol,31366
Toyota,Camry,2021,55345,Good,CVT,Petrol,54363
Toyota,Hilux,2010,219544,Poor,Manual,Petrol,24867
Toyota,Corolla,2017,93931,Good,Automatic,Petrol,32107
Toyota,RAV4,2020,73191,Like New,Automatic,Petrol,68033
Toyota,Camry,2019,47862,Poor,Automatic,Petrol,46682
Toyota,Corolla,2011,200518,Fair,Automatic,Petrol,18715
Toyota,Vios,2015,146670,Fair,Automatic,Petrol,23891
Toyota,Corolla,2012,171573,Fair,Automatic,Petrol,13889
Toyota,Hilux,2020,66620,Good,CVT,Petrol,88968
Toyota,Corolla,2016,118387,Good,Manual,Petrol,13590
Toyota,RAV4,2012,183546,Fair,Automatic,Petrol,13098
Toyota,Hilux,2017,97054,Good,Automatic,Petrol,28152
Toyota,Corolla,2014,146124,Fair,Automatic,Petrol,14992
Toyota,RAV4,2015,144472,Excellent,Automatic,Petrol,82647
Toyota,Corolla,2012,180621,Fair,Automatic,Petrol,31199
Toyota,RAV4,2024,1000,Like New,CVT,Petrol,90995
Toyota,Vios,2021,67350,Fair,CVT,Petrol,32333
Toyota,RAV4,2014,157331,Fair,Manual,Petrol,48429
Toyota,Hilux,2010,229033,Good,CVT,Petrol,23144
Toyota,Vios,2019,93169,Excellent,Automatic,Petrol,18460
Toyota,Corolla,2022,26537,Good,CVT,Petrol,45962
Toyota,Hilux,2018,85789,Good,CVT,Petrol,73097
Toyota,Corolla,2016,125204,Good,CVT,Petrol,61680
Toyota,Vios,2022,37932,Excellent,CVT,Petrol,60212
Toyota,Hilux,2016,133911,Poor,Automatic,Petrol,48290
Toyota,Hilux,2014,141320,Fair,CVT,Petrol,60948
Toyota,Hilux,2015,153986,Poor,Automatic,Petrol,42591
Toyota,RAV4,2023,33339,Like New,CVT,Petrol,66282
Toyota,Hilux,2010,227346,Fair,Manual,Petrol,20323
